bus_name,address_hex,frame_name,signal_name,vapi_alias
ETH,0x567,ADSP_state,ADSP_eCallMicrophoneStatus,ETH_ADSP_eCallMicrophoneStatus
ETH,0x567,ADSP_state,ADSP_eCallSelfTest,ETH_ADSP_eCallSelfTest
ETH,0x567,ADSP_state,ADSP_eCallSpeakerStatus,ETH_ADSP_eCallSpeakerStatus
ETH,0x567,ADSP_state,ADSP_eCall_ENS_state,ETH_ADSP_eCall_ENS_state
ETH,0x410,APP_cameraStatus,APP_backupCameraFeedGood,ETH_APP_backupCameraFeedGood
ETH,0x25B,APP_environment,APP_environmentRainy,ETH_APP_environmentRainy
ETH,0x25B,APP_environment,APP_environmentSnowy,ETH_APP_environmentSnowy
ETH,0x425,APP_factorySummonGoal,APP_factoryGoalLatitude,ETH_APP_factoryGoalLatitude
ETH,0x425,APP_factorySummonGoal,APP_factoryGoalLongitude,ETH_APP_factoryGoalLongitude
ETH,0x34B,APP_frontParkAssistData,APP_frontLeftMiddleParkAssist,ETH_APP_frontLeftMiddleParkAssist
ETH,0x34B,APP_frontParkAssistData,APP_frontLeftParkAssist,ETH_APP_frontLeftParkAssist
ETH,0x34B,APP_frontParkAssistData,APP_frontMiddleParkAssist,ETH_APP_frontMiddleParkAssist
ETH,0x34B,APP_frontParkAssistData,APP_frontRightMiddleParkAssist,ETH_APP_frontRightMiddleParkAssist
ETH,0x34B,APP_frontParkAssistData,APP_frontRightParkAssist,ETH_APP_frontRightParkAssist
ETH,0x34B,APP_frontParkAssistData,APP_parkAssistStatus,ETH_APP_parkAssistStatus
ETH,0x38B,APP_rearParkAssistData,APP_rearLeftMiddleParkAssist,ETH_APP_rearLeftMiddleParkAssist
ETH,0x38B,APP_rearParkAssistData,APP_rearLeftParkAssist,ETH_APP_rearLeftParkAssist
ETH,0x38B,APP_rearParkAssistData,APP_rearMiddleParkAssist,ETH_APP_rearMiddleParkAssist
ETH,0x38B,APP_rearParkAssistData,APP_rearRightMiddleParkAssist,ETH_APP_rearRightMiddleParkAssist
ETH,0x38B,APP_rearParkAssistData,APP_rearRightParkAssist,ETH_APP_rearRightParkAssist
ETH,0x259,APP_status,APP_DDAWSystemStatus,ETH_APP_DDAWSystemStatus
ETH,0x259,APP_status,APP_autoparkVersionIdentifier,ETH_APP_autoparkVersionIdentifier
ETH,0x259,APP_status,APP_clipRecordingStatus,ETH_APP_clipRecordingStatus
ETH,0x259,APP_status,APP_factorySummonStatus,ETH_APP_factorySummonStatus
ETH,0x259,APP_status,APP_sentryState,ETH_APP_sentryState
ETH,0x259,APP_status,APP_summonVersionIdentifier,ETH_APP_summonVersionIdentifier
ETH,0x259,APP_status,APP_watchdogState,ETH_APP_watchdogState
ETH,0x25D,APP_trafficControl,APP_tcControlLightState,ETH_APP_tcControlLightState
ETH,0x25D,APP_trafficControl,APP_tcControlType,ETH_APP_tcControlType
ETH,0x25D,APP_trafficControl,APP_tcUnavailableReason,ETH_APP_tcUnavailableReason
ETH,0x329,APP_warningMatrix0,APP_w040_autopilotAngleSaturated,ETH_APP_w040_autopilotAngleSaturated
ETH,0x369,APP_warningMatrix1,APP_w081_pmmActiveBraking,ETH_APP_w081_pmmActiveBraking
ETH,0x439,APP_warningMatrix3,APP_w213_autosteerStruckOut,ETH_APP_w213_autosteerStruckOut
ETH,0x439,APP_warningMatrix3,APP_w218_lcSpeedExceededLimit,ETH_APP_w218_lcSpeedExceededLimit
ETH,0x439,APP_warningMatrix3,APP_w229_alcUltrasoundDamaged,ETH_APP_w229_alcUltrasoundDamaged
ETH,0x439,APP_warningMatrix3,APP_w230_alcUltrasoundBlocked,ETH_APP_w230_alcUltrasoundBlocked
ETH,0x449,APP_warningMatrix4,APP_w265_drvOnNavUnavailable,ETH_APP_w265_drvOnNavUnavailable
ETH,0x449,APP_warningMatrix4,APP_w271_laneChangeAborted,ETH_APP_w271_laneChangeAborted
ETH,0x449,APP_warningMatrix4,APP_w272_laneChangeUnavailable,ETH_APP_w272_laneChangeUnavailable
ETH,0x449,APP_warningMatrix4,APP_w304_lssCamBlockedStatus,ETH_APP_w304_lssCamBlockedStatus
ETH,0x449,APP_warningMatrix4,APP_w305_lssCamStreamExit,ETH_APP_w305_lssCamStreamExit
ETH,0x449,APP_warningMatrix4,APP_w306_lssUltrasonicsBlocked,ETH_APP_w306_lssUltrasonicsBlocked
ETH,0x449,APP_warningMatrix4,APP_w307_lssTurnSignalFault,ETH_APP_w307_lssTurnSignalFault
ETH,0x47F,APP_warningMatrix5,APP_w333_fsdUnavailableLocation,ETH_APP_w333_fsdUnavailableLocation
ETH,0x47F,APP_warningMatrix5,APP_w369_cruiseWithSingleClick,ETH_APP_w369_cruiseWithSingleClick
ETH,0x3CA,APS_status,APS_apbStatusMonitorState,ETH_APS_apbStatusMonitorState
ETH,0x3CA,APS_status,APS_appPowerStateRequest,ETH_APS_appPowerStateRequest
ETH,0x3CA,APS_status,APS_appStatusMonitorState,ETH_APS_appStatusMonitorState
ETH,0x459,APS_warningMatrix2,APS_w134_appMia,ETH_APS_w134_appMia
ETH,0x459,APS_warningMatrix2,APS_w135_appCritical,ETH_APS_w135_appCritical
ETH,0x3AF,BB_status,BB_boosterStatus,ETH_BB_boosterStatus
ETH,0x332,BMS_bmbMinMax,BMS_thermistorNumTMin,ETH_BMS_thermistorNumTMin
ETH,0x332,BMS_bmbMinMax,BMS_thermistorNumTMax,ETH_BMS_thermistorNumTMax
ETH,0x332,BMS_bmbMinMax,BMS_thermistorTMax,ETH_BMS_thermistorTMax
ETH,0x332,BMS_bmbMinMax,BMS_thermistorTMin,ETH_BMS_thermistorTMin
ETH,0x332,BMS_bmbMinMax,BMS_brickVoltageMax,ETH_BMS_brickVoltageMax
ETH,0x332,BMS_bmbMinMax,BMS_brickVoltageMin,ETH_BMS_brickVoltageMin
ETH,0x332,BMS_bmbMinMax,BMS_brickNumVoltageMax,ETH_BMS_brickNumVoltageMax
ETH,0x332,BMS_bmbMinMax,BMS_brickNumVoltageMin,ETH_BMS_brickNumVoltageMin
ETH,0x472,BMS_chargeInfo,BMS_timeToFinishHeatForCharge,ETH_BMS_timeToFinishHeatForCharge
ETH,0x472,BMS_chargeInfo,BMS_userChargeCurrentLimitMode,ETH_BMS_userChargeCurrentLimitMode
ETH,0x2B2,BMS_energyStatus,BMS_nominalFullPackEnergy,ETH_BMS_nominalFullPackEnergy
ETH,0x2B2,BMS_energyStatus,BMS_nominalEnergyRemaining,ETH_BMS_nominalEnergyRemaining
ETH,0x2B2,BMS_energyStatus,BMS_idealEnergyRemaining,ETH_BMS_idealEnergyRemaining
ETH,0x2B2,BMS_energyStatus,BMS_fullChargeComplete,ETH_BMS_fullChargeComplete
ETH,0x2B2,BMS_energyStatus,BMS_energyBuffer,ETH_BMS_energyBuffer
ETH,0x2B2,BMS_energyStatus,BMS_expectedEnergyRemaining,ETH_BMS_expectedEnergyRemaining
ETH,0x2B2,BMS_energyStatus,BMS_energyRemainingDisplay,ETH_BMS_energyRemainingDisplay
ETH,0x2B2,BMS_energyStatus,BMS_energyRemainingTDisplay,ETH_BMS_energyRemainingTDisplay
ETH,0x2B2,BMS_energyStatus,BMS_energyDisplayErrorBlendRate,ETH_BMS_energyDisplayErrorBlendRate
ETH,0x132,BMS_hvBusStatus,BMS_dcLinkVoltage,ETH_BMS_dcLinkVoltage
ETH,0x132,BMS_hvBusStatus,BMS_packCurrent,ETH_BMS_packCurrent
ETH,0x300,BMS_info,BMS_usageId,ETH_BMS_usageId
ETH,0x300,BMS_info,BMS_subUsageId,ETH_BMS_subUsageId
ETH,0x3D2,BMS_kwhCounter,BMS_kwhChargeTotal,ETH_BMS_kwhChargeTotal
ETH,0x3D2,BMS_kwhCounter,BMS_kwhDischargeTotal,ETH_BMS_kwhDischargeTotal
ETH,0x3F2,BMS_kwhCountersMultiplexed,BMS_acChargerKwhTotal,ETH_BMS_acChargerKwhTotal
ETH,0x3F2,BMS_kwhCountersMultiplexed,BMS_dcChargerKwhTotal,ETH_BMS_dcChargerKwhTotal
ETH,0x374,BMS_log1,BMS_powerTransferStatus,ETH_BMS_powerTransferStatus
ETH,0x374,BMS_log1,BMS_packVoltage,ETH_BMS_packVoltage
ETH,0x374,BMS_log1,BMS_battTempPct,ETH_BMS_battTempPct
ETH,0x392,BMS_packConfig,BMS_reservedConfig_0,ETH_BMS_reservedConfig_0
ETH,0x392,BMS_packConfig,BMS_thermalPackType,ETH_BMS_thermalPackType
ETH,0x392,BMS_packConfig,BMS_packMass,ETH_BMS_packMass
ETH,0x392,BMS_packConfig,BMS_beginningOfLifePackEnergy,ETH_BMS_beginningOfLifePackEnergy
ETH,0x2A2,BMS_rippleRequest,BMS_acRippleRequest,ETH_BMS_acRippleRequest
ETH,0x292,BMS_socStatus,BMS_enoughEnergyForConvenienceFeatures,ETH_BMS_enoughEnergyForConvenienceFeatures
ETH,0x292,BMS_socStatus,BMS_instantChargePowerCapability,ETH_BMS_instantChargePowerCapability
ETH,0x292,BMS_socStatus,BMS_socMin,ETH_BMS_socMin
ETH,0x492,BMS_stateOfHealth,BMS_calibratedSohAvailable,ETH_BMS_calibratedSohAvailable
ETH,0x492,BMS_stateOfHealth,BMS_distanceSinceSohUpdate,ETH_BMS_distanceSinceSohUpdate
ETH,0x492,BMS_stateOfHealth,BMS_requiredEvsePowerForSoh,ETH_BMS_requiredEvsePowerForSoh
ETH,0x492,BMS_stateOfHealth,BMS_sohEnergyPercent,ETH_BMS_sohEnergyPercent
ETH,0x492,BMS_stateOfHealth,BMS_sohTestIsBlocked,ETH_BMS_sohTestIsBlocked
ETH,0x492,BMS_stateOfHealth,BMS_timeSinceSohUpdate,ETH_BMS_timeSinceSohUpdate
ETH,0x492,BMS_stateOfHealth,BMS_userFacingSohTestEndMode,ETH_BMS_userFacingSohTestEndMode
ETH,0x492,BMS_stateOfHealth,BMS_userFacingSohTestState,ETH_BMS_userFacingSohTestState
ETH,0x212,BMS_status,BMS_batteryInputPower,ETH_BMS_batteryInputPower
ETH,0x212,BMS_status,BMS_chgPowerAvailable,ETH_BMS_chgPowerAvailable
ETH,0x212,BMS_status,BMS_hvState,ETH_BMS_hvState
ETH,0x212,BMS_status,BMS_state,ETH_BMS_state
ETH,0x212,BMS_status,BMS_userChargeStatus,ETH_BMS_userChargeStatus
ETH,0x312,BMS_thermalStatus,BMS_minPackTemperature,ETH_BMS_minPackTemperature
ETH,0x42F,BMS_v2xInfo,BMS_backupTimeRemaining,ETH_BMS_backupTimeRemaining
ETH,0x2F2,BMS_vehNm,BMS_hvsBusAsleep,ETH_BMS_hvsBusAsleep
ETH,0x32A,BMS_vehicleNotifications,BMS_isolationResistance,ETH_BMS_isolationResistance
ETH,0x32A,BMS_vehicleNotifications,BMS_thermalEventSuspected,ETH_BMS_thermalEventSuspected
ETH,0x2A8,CMPD_state,CMPD_inputHVPower,ETH_CMPD_inputHVPower
ETH,0x227,CMP_HVStatus,CMP_inputHVPower,ETH_CMP_inputHVPower
ETH,0x31E,CP_alertMatrix,CP_a054_cableNotSecured,ETH_CP_a054_cableNotSecured
ETH,0x43D,CP_chargeStatusLog,CP_powerTransferShutdownRequest_log,ETH_CP_powerTransferShutdownRequest_log
ETH,0x29D,CP_dcChargeStatus,CP_evseOutputDcCurrent,ETH_CP_evseOutputDcCurrent
ETH,0x21D,CP_evseStatus,CP_cableCurrentLimit,ETH_CP_cableCurrentLimit
ETH,0x21D,CP_evseStatus,CP_evseChargeType_UI,ETH_CP_evseChargeType_UI
ETH,0x21D,CP_evseStatus,CP_pilot,ETH_CP_pilot
ETH,0x21D,CP_evseStatus,CP_plcSupported,ETH_CP_plcSupported
ETH,0x21D,CP_evseStatus,CP_proximity,ETH_CP_proximity
ETH,0x2DD,CP_gridFormControl,CP_powershareStoppedReason,ETH_CP_powershareStoppedReason
ETH,0x2DD,CP_gridFormControl,CP_powershareType,ETH_CP_powershareType
ETH,0x2DD,CP_gridFormControl,CP_userPowershareStatus,ETH_CP_userPowershareStatus
ETH,0x53E,CP_info,CP_pcbaId,ETH_CP_pcbaId
ETH,0x53E,CP_info,CP_assemblyId,ETH_CP_assemblyId
ETH,0x53E,CP_info,CP_usageId,ETH_CP_usageId
ETH,0x210,CP_status,CP_chargeDoorOpenUI,ETH_CP_chargeDoorOpenUI
ETH,0x210,CP_status,CP_coldWeatherMode,ETH_CP_coldWeatherMode
ETH,0x210,CP_status,CP_inhibitOta,ETH_CP_inhibitOta
ETH,0x210,CP_status,CP_inletHeaterUiState,ETH_CP_inletHeaterUiState
ETH,0x210,CP_status,CP_insertEnableLine,ETH_CP_insertEnableLine
ETH,0x210,CP_status,CP_latchState,ETH_CP_latchState
ETH,0x210,CP_status,CP_ledColor,ETH_CP_ledColor
ETH,0x210,CP_status,CP_type,ETH_CP_type
ETH,0x210,CP_status,CP_userEvseModelType,ETH_CP_userEvseModelType
ETH,0x210,CP_status,CP_vehicleUnlockRequest,ETH_CP_vehicleUnlockRequest
ETH,0x247,DAS_autopilotDebug,DAS_autopilotAbortReason,ETH_DAS_autopilotAbortReason
ETH,0x247,DAS_autopilotDebug,DAS_behaviorReport,ETH_DAS_behaviorReport
ETH,0x247,DAS_autopilotDebug,DAS_constructionZone,ETH_DAS_constructionZone
ETH,0x247,DAS_autopilotDebug,DAS_controlDistance,ETH_DAS_controlDistance
ETH,0x247,DAS_autopilotDebug,DAS_controllerHealth,ETH_DAS_controllerHealth
ETH,0x247,DAS_autopilotDebug,DAS_controllerRef,ETH_DAS_controllerRef
ETH,0x247,DAS_autopilotDebug,DAS_laneChangeState,ETH_DAS_laneChangeState
ETH,0x247,DAS_autopilotDebug,DAS_lastWatchdogCode,ETH_DAS_lastWatchdogCode
ETH,0x247,DAS_autopilotDebug,DAS_mapAvailability,ETH_DAS_mapAvailability
ETH,0x247,DAS_autopilotDebug,DAS_roadEstimator,ETH_DAS_roadEstimator
ETH,0x247,DAS_autopilotDebug,DAS_rqstedBehaviorStatus,ETH_DAS_rqstedBehaviorStatus
ETH,0x3E9,DAS_bodyControls,DAS_ahlbOverride,ETH_DAS_ahlbOverride
ETH,0x3E9,DAS_bodyControls,DAS_autoWiperState,ETH_DAS_autoWiperState
ETH,0x3E9,DAS_bodyControls,DAS_mirrorFoldRequest,ETH_DAS_mirrorFoldRequest
ETH,0x3E9,DAS_bodyControls,DAS_overrideWiperSetting,ETH_DAS_overrideWiperSetting
ETH,0x5D9,DAS_carLog,DAS_radarTarget1_dx,ETH_DAS_radarTarget1_dx
ETH,0x5D9,DAS_carLog,DAS_radarTarget1_VxRel,ETH_DAS_radarTarget1_VxRel
ETH,0x5D9,DAS_carLog,DAS_aeb_not_activating_reason,ETH_DAS_aeb_not_activating_reason
ETH,0x5D9,DAS_carLog,DAS_desiredTarget_dx,ETH_DAS_desiredTarget_dx
ETH,0x5D9,DAS_carLog,DAS_closestInLaneTargetDx,ETH_DAS_closestInLaneTargetDx
ETH,0x5D9,DAS_carLog,DAS_closestInLaneTargetVxRel,ETH_DAS_closestInLaneTargetVxRel
ETH,0x239,DAS_lanes,DAS_lanesCounter,ETH_DAS_lanesCounter
ETH,0x239,DAS_lanes,DAS_leftFork,ETH_DAS_leftFork
ETH,0x239,DAS_lanes,DAS_leftLaneExists,ETH_DAS_leftLaneExists
ETH,0x239,DAS_lanes,DAS_leftLineUsage,ETH_DAS_leftLineUsage
ETH,0x239,DAS_lanes,DAS_rightFork,ETH_DAS_rightFork
ETH,0x239,DAS_lanes,DAS_rightLaneExists,ETH_DAS_rightLaneExists
ETH,0x239,DAS_lanes,DAS_rightLineUsage,ETH_DAS_rightLineUsage
ETH,0x239,DAS_lanes,DAS_virtualLaneC0,ETH_DAS_virtualLaneC0
ETH,0x239,DAS_lanes,DAS_virtualLaneC1,ETH_DAS_virtualLaneC1
ETH,0x239,DAS_lanes,DAS_virtualLaneC2,ETH_DAS_virtualLaneC2
ETH,0x239,DAS_lanes,DAS_virtualLaneC3,ETH_DAS_virtualLaneC3
ETH,0x239,DAS_lanes,DAS_virtualLaneViewRange,ETH_DAS_virtualLaneViewRange
ETH,0x239,DAS_lanes,DAS_virtualLaneWidth,ETH_DAS_virtualLaneWidth
ETH,0x30A,DAS_object,DAS_leadVehType,ETH_DAS_leadVehType
ETH,0x30A,DAS_object,DAS_leadVehRelevantForControl,ETH_DAS_leadVehRelevantForControl
ETH,0x30A,DAS_object,DAS_leadVehDx,ETH_DAS_leadVehDx
ETH,0x30A,DAS_object,DAS_leadVehVxRel,ETH_DAS_leadVehVxRel
ETH,0x30A,DAS_object,DAS_leadVehDy,ETH_DAS_leadVehDy
ETH,0x30A,DAS_object,DAS_leadVehId,ETH_DAS_leadVehId
ETH,0x30A,DAS_object,DAS_leadVeh2Type,ETH_DAS_leadVeh2Type
ETH,0x30A,DAS_object,DAS_leadVeh2RelevantForControl,ETH_DAS_leadVeh2RelevantForControl
ETH,0x30A,DAS_object,DAS_leadVeh2Dx,ETH_DAS_leadVeh2Dx
ETH,0x30A,DAS_object,DAS_leadVeh2VxRel,ETH_DAS_leadVeh2VxRel
ETH,0x30A,DAS_object,DAS_leadVeh2Dy,ETH_DAS_leadVeh2Dy
ETH,0x30A,DAS_object,DAS_leadVeh2Id,ETH_DAS_leadVeh2Id
ETH,0x30A,DAS_object,DAS_leftVehType,ETH_DAS_leftVehType
ETH,0x30A,DAS_object,DAS_leftVehRelevantForControl,ETH_DAS_leftVehRelevantForControl
ETH,0x30A,DAS_object,DAS_leftVehDx,ETH_DAS_leftVehDx
ETH,0x30A,DAS_object,DAS_leftVehVxRel,ETH_DAS_leftVehVxRel
ETH,0x30A,DAS_object,DAS_leftVehDy,ETH_DAS_leftVehDy
ETH,0x30A,DAS_object,DAS_leftVehId,ETH_DAS_leftVehId
ETH,0x30A,DAS_object,DAS_leftVeh2Type,ETH_DAS_leftVeh2Type
ETH,0x30A,DAS_object,DAS_leftVeh2RelevantForControl,ETH_DAS_leftVeh2RelevantForControl
ETH,0x30A,DAS_object,DAS_leftVeh2Dx,ETH_DAS_leftVeh2Dx
ETH,0x30A,DAS_object,DAS_leftVeh2VxRel,ETH_DAS_leftVeh2VxRel
ETH,0x30A,DAS_object,DAS_leftVeh2Dy,ETH_DAS_leftVeh2Dy
ETH,0x30A,DAS_object,DAS_leftVeh2Id,ETH_DAS_leftVeh2Id
ETH,0x30A,DAS_object,DAS_rightVehType,ETH_DAS_rightVehType
ETH,0x30A,DAS_object,DAS_rightVehRelevantForControl,ETH_DAS_rightVehRelevantForControl
ETH,0x30A,DAS_object,DAS_rightVehDx,ETH_DAS_rightVehDx
ETH,0x30A,DAS_object,DAS_rightVehVxRel,ETH_DAS_rightVehVxRel
ETH,0x30A,DAS_object,DAS_rightVehDy,ETH_DAS_rightVehDy
ETH,0x30A,DAS_object,DAS_rightVehId,ETH_DAS_rightVehId
ETH,0x30A,DAS_object,DAS_rightVeh2Type,ETH_DAS_rightVeh2Type
ETH,0x30A,DAS_object,DAS_rightVeh2RelevantForControl,ETH_DAS_rightVeh2RelevantForControl
ETH,0x30A,DAS_object,DAS_rightVeh2Dx,ETH_DAS_rightVeh2Dx
ETH,0x30A,DAS_object,DAS_rightVeh2VxRel,ETH_DAS_rightVeh2VxRel
ETH,0x30A,DAS_object,DAS_rightVeh2Dy,ETH_DAS_rightVeh2Dy
ETH,0x30A,DAS_object,DAS_rightVeh2Id,ETH_DAS_rightVeh2Id
ETH,0x30A,DAS_object,DAS_cutinVehType,ETH_DAS_cutinVehType
ETH,0x30A,DAS_object,DAS_cutinVehRelevantForControl,ETH_DAS_cutinVehRelevantForControl
ETH,0x30A,DAS_object,DAS_cutinVehDx,ETH_DAS_cutinVehDx
ETH,0x30A,DAS_object,DAS_cutinVehVxRel,ETH_DAS_cutinVehVxRel
ETH,0x30A,DAS_object,DAS_cutinVehDy,ETH_DAS_cutinVehDy
ETH,0x30A,DAS_object,DAS_cutinVehId,ETH_DAS_cutinVehId
ETH,0x30A,DAS_object,DAS_roadSignColor,ETH_DAS_roadSignColor
ETH,0x30A,DAS_object,DAS_roadSignId,ETH_DAS_roadSignId
ETH,0x30A,DAS_object,DAS_roadSignStopLineDist,ETH_DAS_roadSignStopLineDist
ETH,0x30A,DAS_object,DAS_roadSignControlActive,ETH_DAS_roadSignControlActive
ETH,0x30A,DAS_object,DAS_roadSignSource,ETH_DAS_roadSignSource
ETH,0x12B,DAS_smartShift,DAS_autoshiftBrakeRequired,ETH_DAS_autoshiftBrakeRequired
ETH,0x12B,DAS_smartShift,DAS_autoshiftSteerRequest,ETH_DAS_autoshiftSteerRequest
ETH,0x12B,DAS_smartShift,DAS_autoshiftUpcomingDirection,ETH_DAS_autoshiftUpcomingDirection
ETH,0x399,DAS_status,DAS_autoLaneChangeState,ETH_DAS_autoLaneChangeState
ETH,0x399,DAS_status,DAS_autoParked,ETH_DAS_autoParked
ETH,0x399,DAS_status,DAS_blindSpotRearLeft,ETH_DAS_blindSpotRearLeft
ETH,0x399,DAS_status,DAS_blindSpotRearRight,ETH_DAS_blindSpotRearRight
ETH,0x399,DAS_status,DAS_fleetSpeedState,ETH_DAS_fleetSpeedState
ETH,0x399,DAS_status,DAS_lssState,ETH_DAS_lssState
ETH,0x389,DAS_status2,DAS_ACC_report,ETH_DAS_ACC_report
ETH,0x389,DAS_status2,DAS_accSpeedLimit,ETH_DAS_accSpeedLimit
ETH,0x389,DAS_status2,DAS_activationFailureStatus,ETH_DAS_activationFailureStatus
ETH,0x389,DAS_status2,DAS_csaState,ETH_DAS_csaState
ETH,0x389,DAS_status2,DAS_driverInteractionLevel,ETH_DAS_driverInteractionLevel
ETH,0x389,DAS_status2,DAS_longCollisionWarning,ETH_DAS_longCollisionWarning
ETH,0x389,DAS_status2,DAS_versionIdentifier,ETH_DAS_versionIdentifier
ETH,0x24A,DAS_visualDebug,DAS_autosteerBottsDotsUsage,ETH_DAS_autosteerBottsDotsUsage
ETH,0x24A,DAS_visualDebug,DAS_autosteerHPPUsage,ETH_DAS_autosteerHPPUsage
ETH,0x24A,DAS_visualDebug,DAS_autosteerHealthAnomalyLevel,ETH_DAS_autosteerHealthAnomalyLevel
ETH,0x24A,DAS_visualDebug,DAS_autosteerHealthState,ETH_DAS_autosteerHealthState
ETH,0x24A,DAS_visualDebug,DAS_autosteerModelUsage,ETH_DAS_autosteerModelUsage
ETH,0x24A,DAS_visualDebug,DAS_autosteerNavigationUsage,ETH_DAS_autosteerNavigationUsage
ETH,0x24A,DAS_visualDebug,DAS_autosteerVehiclesUsage,ETH_DAS_autosteerVehiclesUsage
ETH,0x24A,DAS_visualDebug,DAS_behaviorType,ETH_DAS_behaviorType
ETH,0x24A,DAS_visualDebug,DAS_isaSystemState,ETH_DAS_isaSystemState
ETH,0x24A,DAS_visualDebug,DAS_lastAutosteerAbortReason,ETH_DAS_lastAutosteerAbortReason
ETH,0x24A,DAS_visualDebug,DAS_lastLinePreferenceReason,ETH_DAS_lastLinePreferenceReason
ETH,0x24A,DAS_visualDebug,DAS_navAvailable,ETH_DAS_navAvailable
ETH,0x24A,DAS_visualDebug,DAS_navDistance,ETH_DAS_navDistance
ETH,0x24A,DAS_visualDebug,DAS_offsetSide,ETH_DAS_offsetSide
ETH,0x24A,DAS_visualDebug,DAS_plannerState,ETH_DAS_plannerState
ETH,0x24A,DAS_visualDebug,DAS_roadSurfaceType,ETH_DAS_roadSurfaceType
ETH,0x24A,DAS_visualDebug,DAS_trafficAwareSetSpeedInUse,ETH_DAS_trafficAwareSetSpeedInUse
ETH,0x24A,DAS_visualDebug,DAS_ulcInProgress,ETH_DAS_ulcInProgress
ETH,0x24A,DAS_visualDebug,DAS_ulcType,ETH_DAS_ulcType
ETH,0x7F8,DAS_warningMatrix0,DAS_w040_autopilotAngleSaturated,ETH_DAS_w040_autopilotAngleSaturated
ETH,0x27A,DIF_hvStatus,DIF_vBat,ETH_DIF_vBat
ETH,0x1A5,DIF_motorStatus,DIF_motorCurrent,ETH_DIF_motorCurrent
ETH,0x2D5,DIF_status,DIF_state,ETH_DIF_state
ETH,0x376,DIF_temperature,DIF_inverterT,ETH_DIF_inverterT
ETH,0x376,DIF_temperature,DIF_statorT,ETH_DIF_statorT
ETH,0x376,DIF_temperature,DIF_heatsinkT,ETH_DIF_heatsinkT
ETH,0x376,DIF_temperature,DIF_inverterTpct,ETH_DIF_inverterTpct
ETH,0x186,DIF_torque,DIF_axleSpeed,ETH_DIF_axleSpeed
ETH,0x186,DIF_torque,DIF_torqueActual,ETH_DIF_torqueActual
ETH,0x279,DIR_hvStatus,DIR_vBat,ETH_DIR_vBat
ETH,0x335,DIR_info,DIR_assemblyId,ETH_DIR_assemblyId
ETH,0x7F7,DIR_motorStatus,DIR_motorCurrent,ETH_DIR_motorCurrent
ETH,0x256,DIR_status,DIR_state,ETH_DIR_state
ETH,0x315,DIR_temperature,DIR_pcbT,ETH_DIR_pcbT
ETH,0x315,DIR_temperature,DIR_inverterT,ETH_DIR_inverterT
ETH,0x315,DIR_temperature,DIR_statorT,ETH_DIR_statorT
ETH,0x315,DIR_temperature,DIR_heatsinkT,ETH_DIR_heatsinkT
ETH,0x315,DIR_temperature,DIR_inverterTpct,ETH_DIR_inverterTpct
ETH,0x108,DIR_torque,DIR_torqueActual,ETH_DIR_torqueActual
ETH,0x108,DIR_torque,DIR_torqueCommand,ETH_DIR_torqueCommand
ETH,0x367,DI_alertMatrix1,DI_a026_parkPressedWithHighAPedal,ETH_DI_a026_parkPressedWithHighAPedal
ETH,0x36B,DI_alertMatrix3,DI_a167_keyNotAuthenticated,ETH_DI_a167_keyNotAuthenticated
ETH,0x36B,DI_alertMatrix3,DI_a169_regenOffOverride,ETH_DI_a169_regenOffOverride
ETH,0x36B,DI_alertMatrix3,DI_a190_tireRotationRecommended,ETH_DI_a190_tireRotationRecommended
ETH,0x36E,DI_alertMatrix4,DI_a201_decelTorqueLimited,ETH_DI_a201_decelTorqueLimited
ETH,0x148,DI_chassisControl,DI_brakeTorqueCommand,ETH_DI_brakeTorqueCommand
ETH,0x745,DI_chassisControl2,DI_bankAngle,ETH_DI_bankAngle
ETH,0x745,DI_chassisControl2,DI_gradeAngle,ETH_DI_gradeAngle
ETH,0x745,DI_chassisControl2,DI_tireUtilizationRatioFrL,ETH_DI_tireUtilizationRatioFrL
ETH,0x745,DI_chassisControl2,DI_tireUtilizationRatioFrR,ETH_DI_tireUtilizationRatioFrR
ETH,0x745,DI_chassisControl2,DI_tireUtilizationRatioReL,ETH_DI_tireUtilizationRatioReL
ETH,0x745,DI_chassisControl2,DI_tireUtilizationRatioReR,ETH_DI_tireUtilizationRatioReR
ETH,0x74D,DI_chassisControl3,DI_distanceSinceLastTireConfig,ETH_DI_distanceSinceLastTireConfig
ETH,0x74D,DI_chassisControl3,DI_tireConfigSaved,ETH_DI_tireConfigSaved
ETH,0x2B6,DI_chassisControlStatus,DI_greenABSTelltaleOn,ETH_DI_greenABSTelltaleOn
ETH,0x2B6,DI_chassisControlStatus,DI_tcTelltaleFlash,ETH_DI_tcTelltaleFlash
ETH,0x2B6,DI_chassisControlStatus,DI_tcTelltaleOn,ETH_DI_tcTelltaleOn
ETH,0x2B6,DI_chassisControlStatus,DI_tractionControlModeUI,ETH_DI_tractionControlModeUI
ETH,0x2B6,DI_chassisControlStatus,DI_vdcTelltaleFlash,ETH_DI_vdcTelltaleFlash
ETH,0x2B6,DI_chassisControlStatus,DI_vdcTelltaleOn,ETH_DI_vdcTelltaleOn
ETH,0x2B6,DI_chassisControlStatus,DI_vehicleHoldTelltaleOn,ETH_DI_vehicleHoldTelltaleOn
ETH,0x2B6,DI_chassisControlStatus,DI_yellowBrakeTelltaleOn,ETH_DI_yellowBrakeTelltaleOn
ETH,0x7D7,DI_debug,DI_sysHeatPowerOptimal,ETH_DI_sysHeatPowerOptimal
ETH,0x74A,DI_estimatedBrakeTemp,DI_brakeFLTemp,ETH_DI_brakeFLTemp
ETH,0x74A,DI_estimatedBrakeTemp,DI_brakeFRTemp,ETH_DI_brakeFRTemp
ETH,0x74A,DI_estimatedBrakeTemp,DI_brakeRLTemp,ETH_DI_brakeRLTemp
ETH,0x74A,DI_estimatedBrakeTemp,DI_brakeRRTemp,ETH_DI_brakeRRTemp
ETH,0x286,DI_locStatus,DI_autoparkState,ETH_DI_autoparkState
ETH,0x286,DI_locStatus,DI_cruiseSetSpeed,ETH_DI_cruiseSetSpeed
ETH,0x286,DI_locStatus,DI_cruiseState,ETH_DI_cruiseState
ETH,0x286,DI_locStatus,DI_regenBackfillState,ETH_DI_regenBackfillState
ETH,0x286,DI_locStatus,DI_summonInPanic,ETH_DI_summonInPanic
ETH,0x4F6,DI_locStatus2,DI_longitudinalControlStack,ETH_DI_longitudinalControlStack
ETH,0x336,DI_maxRatedPower,DI_sysDrivePowerRated,ETH_DI_sysDrivePowerRated
ETH,0x336,DI_maxRatedPower,DI_sysRegenPowerRated,ETH_DI_sysRegenPowerRated
ETH,0x257,DI_speed,DI_accelPedalPressed,ETH_DI_accelPedalPressed
ETH,0x257,DI_speed,DI_vehicleSpeed,ETH_DI_vehicleSpeed
ETH,0x7D6,DI_stalklessInterfaces,DI_smartShiftAvailable,ETH_DI_smartShiftAvailable
ETH,0x7D6,DI_stalklessInterfaces,DI_smartShiftBrakePressed,ETH_DI_smartShiftBrakePressed
ETH,0x7D6,DI_stalklessInterfaces,DI_smartShiftClosureOpen,ETH_DI_smartShiftClosureOpen
ETH,0x7D6,DI_stalklessInterfaces,DI_smartShiftPrimed,ETH_DI_smartShiftPrimed
ETH,0x7D6,DI_stalklessInterfaces,DI_smartShiftSeatbeltUnbuckled,ETH_DI_smartShiftSeatbeltUnbuckled
ETH,0x255,DI_suggestedGear,DI_smartShiftGear,ETH_DI_smartShiftGear
ETH,0x128,DI_systemLimits,DI_vehicleSpeedLimitType,ETH_DI_vehicleSpeedLimitType
ETH,0x268,DI_systemPower,DI_primaryUnitSiliconType,ETH_DI_primaryUnitSiliconType
ETH,0x268,DI_systemPower,DI_sysDrivePowerMax,ETH_DI_sysDrivePowerMax
ETH,0x268,DI_systemPower,DI_sysHeatPowerActual,ETH_DI_sysHeatPowerActual
ETH,0x268,DI_systemPower,DI_sysHeatPowerMax,ETH_DI_sysHeatPowerMax
ETH,0x268,DI_systemPower,DI_sysRegenPowerMax,ETH_DI_sysRegenPowerMax
ETH,0x118,DI_systemStatus,DI_accelPedalPos,ETH_DI_accelPedalPos
ETH,0x118,DI_systemStatus,DI_driveBlocked,ETH_DI_driveBlocked
ETH,0x118,DI_systemStatus,DI_dynoModeAvailable,ETH_DI_dynoModeAvailable
ETH,0x118,DI_systemStatus,DI_gear,ETH_DI_gear
ETH,0x118,DI_systemStatus,DI_manualDrivingProhibited,ETH_DI_manualDrivingProhibited
ETH,0x118,DI_systemStatus,DI_shiftRequestType,ETH_DI_shiftRequestType
ETH,0x118,DI_systemStatus,DI_systemState,ETH_DI_systemState
ETH,0x118,DI_systemStatus,DI_trackModeState,ETH_DI_trackModeState
ETH,0x267,DI_vehicleEstimates,DI_gradeEst,ETH_DI_gradeEst
ETH,0x267,DI_vehicleEstimates,DI_trailerDetected,ETH_DI_trailerDetected
ETH,0x373,EPAS3P_sysStatus,EPAS3P_handsOnLevel,ETH_EPAS3P_handsOnLevel
ETH,0x373,EPAS3P_sysStatus,EPAS3P_internalSAS,ETH_EPAS3P_internalSAS
ETH,0x373,EPAS3P_sysStatus,EPAS3P_internalSASQF,ETH_EPAS3P_internalSASQF
ETH,0x373,EPAS3P_sysStatus,EPAS3P_steeringFault,ETH_EPAS3P_steeringFault
ETH,0x373,EPAS3P_sysStatus,EPAS3P_steeringReduced,ETH_EPAS3P_steeringReduced
ETH,0x373,EPAS3P_sysStatus,EPAS3P_torsionBarTorque,ETH_EPAS3P_torsionBarTorque
ETH,0x372,EPAS3S_sysStatus,EPAS3S_steeringFault,ETH_EPAS3S_steeringFault
ETH,0x372,EPAS3S_sysStatus,EPAS3S_steeringReduced,ETH_EPAS3S_steeringReduced
ETH,0x3C8,EPBL_alertMatrix,EPBL_a103_CP_MIA,ETH_EPBL_a103_CP_MIA
ETH,0x3C8,EPBL_alertMatrix,EPBL_a203_hwBrakeTypeMismatch,ETH_EPBL_a203_hwBrakeTypeMismatch
ETH,0x2A9,EPBL_status,EPBL_bothDisconnected,ETH_EPBL_bothDisconnected
ETH,0x2A9,EPBL_status,EPBL_brakeConfirmedPressed,ETH_EPBL_brakeConfirmedPressed
ETH,0x2A9,EPBL_status,EPBL_systemStatus,ETH_EPBL_systemStatus
ETH,0x2A9,EPBL_status,EPBL_uiWinchModeLvStatus,ETH_EPBL_uiWinchModeLvStatus
ETH,0x2A9,EPBL_status,EPBL_uiWinchModeMiscBlocking,ETH_EPBL_uiWinchModeMiscBlocking
ETH,0x3E8,EPBR_alertMatrix,EPBR_a203_hwBrakeTypeMismatch,ETH_EPBR_a203_hwBrakeTypeMismatch
ETH,0x2E8,EPBR_status,EPBR_bothDisconnected,ETH_EPBR_bothDisconnected
ETH,0x2E8,EPBR_status,EPBR_systemStatus,ETH_EPBR_systemStatus
ETH,0x4D4,ESP_party3,ESP_brakeMasterCylPress,ETH_ESP_brakeMasterCylPress
ETH,0x145,ESP_status,ESP_absBrakeEvent2,ETH_ESP_absBrakeEvent2
ETH,0x145,ESP_status,ESP_brakeApply,ETH_ESP_brakeApply
ETH,0x145,ESP_status,ESP_driverBrakeApply,ETH_ESP_driverBrakeApply
ETH,0x45D,FC_evseBilling,FC_evseBillingEnergy,ETH_FC_evseBillingEnergy
ETH,0x45D,FC_evseBilling,FC_evseMeterPower,ETH_FC_evseMeterPower
ETH,0x45D,FC_evseBilling,FC_evseMeterCurrent,ETH_FC_evseMeterCurrent
ETH,0x45D,FC_evseBilling,FC_evseMeterVoltage,ETH_FC_evseMeterVoltage
ETH,0x45D,FC_evseBilling,FC_evseMeterFwGitHash,ETH_FC_evseMeterFwGitHash
ETH,0x536,FC_evseBilling2,FC_evsePpuEnabled,ETH_FC_evsePpuEnabled
ETH,0x536,FC_evseBilling2,FC_evseBillingEnergyHighRes,ETH_FC_evseBillingEnergyHighRes
ETH,0x378,GTW_ECall,GTW_LTE_ECALL_LOCK,ETH_GTW_LTE_ECALL_LOCK
ETH,0x11A,GTW_adc4,GTW_BKP_BATT_MON,ETH_GTW_BKP_BATT_MON
ETH,0x11A,GTW_adc4,GTW_ECALL_GPS_ANT_BIAS,ETH_GTW_ECALL_GPS_ANT_BIAS
ETH,0x11A,GTW_adc4,GTW_ECALL_MIC_DIAG,ETH_GTW_ECALL_MIC_DIAG
ETH,0x11A,GTW_adc4,GTW_SOS_ECALL_nRQST_BUF,ETH_GTW_SOS_ECALL_nRQST_BUF
ETH,0x3E,GTW_alertMatrix,GTW_w041_VCSECversionMismatch,ETH_GTW_w041_VCSECversionMismatch
ETH,0x3E,GTW_alertMatrix,GTW_w059_inFactoryMode,ETH_GTW_w059_inFactoryMode
ETH,0x346,GTW_autopilotOverride,GTW_autopilotConfig,ETH_GTW_autopilotConfig
ETH,0x346,GTW_autopilotOverride,GTW_autopilotConfigSource,ETH_GTW_autopilotConfigSource
ETH,0x346,GTW_autopilotOverride,GTW_autopilotOverrideExpireTime,ETH_GTW_autopilotOverrideExpireTime
ETH,0x346,GTW_autopilotOverride,GTW_autopilotOverrideState,ETH_GTW_autopilotOverrideState
ETH,0x7FF,GTW_carConfig,GTW_cabinPTCHeaterType,ETH_GTW_cabinPTCHeaterType
ETH,0x7FF,GTW_carConfig,GTW_rightHandDrive,ETH_GTW_rightHandDrive
ETH,0x7FF,GTW_carConfig,GTW_headlamps,ETH_GTW_headlamps
ETH,0x7FF,GTW_carConfig,GTW_country,ETH_GTW_country
ETH,0x7FF,GTW_carConfig,GTW_tireType,ETH_GTW_tireType
ETH,0x7FF,GTW_carConfig,GTW_dasHw,ETH_GTW_dasHw
ETH,0x7FF,GTW_carConfig,GTW_brakeHWType,ETH_GTW_brakeHWType
ETH,0x7FF,GTW_carConfig,GTW_restraintsHardwareType,ETH_GTW_restraintsHardwareType
ETH,0x7FF,GTW_carConfig,GTW_drivetrainType,ETH_GTW_drivetrainType
ETH,0x7FF,GTW_carConfig,GTW_exteriorTrimType,ETH_GTW_exteriorTrimType
ETH,0x7FF,GTW_carConfig,GTW_frontSeatHeaters,ETH_GTW_frontSeatHeaters
ETH,0x7FF,GTW_carConfig,GTW_rearSeatHeaters,ETH_GTW_rearSeatHeaters
ETH,0x7FF,GTW_carConfig,GTW_eCallAntennaHW,ETH_GTW_eCallAntennaHW
ETH,0x7FF,GTW_carConfig,GTW_homelinkType,ETH_GTW_homelinkType
ETH,0x7FF,GTW_carConfig,GTW_vdcType,ETH_GTW_vdcType
ETH,0x7FF,GTW_carConfig,GTW_memoryMirrors,ETH_GTW_memoryMirrors
ETH,0x7FF,GTW_carConfig,GTW_powerLiftgateType,ETH_GTW_powerLiftgateType
ETH,0x7FF,GTW_carConfig,GTW_lumbarECUType,ETH_GTW_lumbarECUType
ETH,0x7FF,GTW_carConfig,GTW_rearSeatHeaterType,ETH_GTW_rearSeatHeaterType
ETH,0x7FF,GTW_carConfig,GTW_auxParkLamps,ETH_GTW_auxParkLamps
ETH,0x7FF,GTW_carConfig,GTW_interiorCabinRadarType,ETH_GTW_interiorCabinRadarType
ETH,0x7FF,GTW_carConfig,GTW_intakeAirFilterType,ETH_GTW_intakeAirFilterType
ETH,0x7FF,GTW_carConfig,GTW_eBuckConfig,ETH_GTW_eBuckConfig
ETH,0x7FF,GTW_carConfig,GTW_steeringHeaterEnabled,ETH_GTW_steeringHeaterEnabled
ETH,0x7FF,GTW_carConfig,GTW_activeHighBeam,ETH_GTW_activeHighBeam
ETH,0x7FF,GTW_carConfig,GTW_airbagCutoffSwitch,ETH_GTW_airbagCutoffSwitch
ETH,0x7FF,GTW_carConfig,GTW_intrusionSensorType,ETH_GTW_intrusionSensorType
ETH,0x7FF,GTW_carConfig,GTW_spoilerType,ETH_GTW_spoilerType
ETH,0x7FF,GTW_carConfig,GTW_rearFogLamps,ETH_GTW_rearFogLamps
ETH,0x7FF,GTW_carConfig,GTW_roofType,ETH_GTW_roofType
ETH,0x7FF,GTW_carConfig,GTW_thirdRowSeatType,ETH_GTW_thirdRowSeatType
ETH,0x7FF,GTW_carConfig,GTW_autopilot,ETH_GTW_autopilot
ETH,0x7FF,GTW_carConfig,GTW_superchargingAccess,ETH_GTW_superchargingAccess
ETH,0x7FF,GTW_carConfig,GTW_exteriorColor,ETH_GTW_exteriorColor
ETH,0x7FF,GTW_carConfig,GTW_pedestrianWarningSound,ETH_GTW_pedestrianWarningSound
ETH,0x7FF,GTW_carConfig,GTW_interiorLighting,ETH_GTW_interiorLighting
ETH,0x7FF,GTW_carConfig,GTW_headlightLevelerType,ETH_GTW_headlightLevelerType
ETH,0x7FF,GTW_carConfig,GTW_mapRegion,ETH_GTW_mapRegion
ETH,0x7FF,GTW_carConfig,GTW_performancePackage,ETH_GTW_performancePackage
ETH,0x7FF,GTW_carConfig,GTW_chassisType,ETH_GTW_chassisType
ETH,0x7FF,GTW_carConfig,GTW_airSuspension,ETH_GTW_airSuspension
ETH,0x7FF,GTW_carConfig,GTW_centerConsoleControllerType,ETH_GTW_centerConsoleControllerType
ETH,0x7FF,GTW_carConfig,GTW_connectivityPackage,ETH_GTW_connectivityPackage
ETH,0x7FF,GTW_carConfig,GTW_badgingVersion,ETH_GTW_badgingVersion
ETH,0x7FF,GTW_carConfig,GTW_packEnergy,ETH_GTW_packEnergy
ETH,0x7FF,GTW_carConfig,GTW_softRange,ETH_GTW_softRange
ETH,0x7FF,GTW_carConfig,GTW_wheelType,ETH_GTW_wheelType
ETH,0x7FF,GTW_carConfig,GTW_brakeActuationType,ETH_GTW_brakeActuationType
ETH,0x7FF,GTW_carConfig,GTW_secondRowSeatType,ETH_GTW_secondRowSeatType
ETH,0x7FF,GTW_carConfig,GTW_eCallEnabled,ETH_GTW_eCallEnabled
ETH,0x7FF,GTW_carConfig,GTW_parkAssistECUType,ETH_GTW_parkAssistECUType
ETH,0x7FF,GTW_carConfig,GTW_forwardRadarHw,ETH_GTW_forwardRadarHw
ETH,0x7FF,GTW_carConfig,GTW_frontSeatType,ETH_GTW_frontSeatType
ETH,0x7FF,GTW_carConfig,GTW_wirelessPhoneChargerType,ETH_GTW_wirelessPhoneChargerType
ETH,0x7FF,GTW_carConfig,GTW_ethernetTunerType,ETH_GTW_ethernetTunerType
ETH,0x7FF,GTW_carConfig,GTW_interiorTrimType,ETH_GTW_interiorTrimType
ETH,0x7FF,GTW_carConfig,GTW_gloveboxUSBType,ETH_GTW_gloveboxUSBType
ETH,0x7FF,GTW_carConfig,GTW_powerMirrorFoldType,ETH_GTW_powerMirrorFoldType
ETH,0x7FF,GTW_carConfig,GTW_frontUsbHubType,ETH_GTW_frontUsbHubType
ETH,0x7FF,GTW_carConfig,GTW_steeringColumnMotorType,ETH_GTW_steeringColumnMotorType
ETH,0x7FF,GTW_carConfig,GTW_refrigFilterType,ETH_GTW_refrigFilterType
ETH,0x7FF,GTW_carConfig,GTW_diBurnInType,ETH_GTW_diBurnInType
ETH,0x7FF,GTW_carConfig,GTW_specialBadgingType,ETH_GTW_specialBadgingType
ETH,0x7FF,GTW_carConfig,GTW_chassisSubType,ETH_GTW_chassisSubType
ETH,0x7FF,GTW_carConfig,GTW_towPackage,ETH_GTW_towPackage
ETH,0x7FF,GTW_carConfig,GTW_caliperColorType,ETH_GTW_caliperColorType
ETH,0x7FF,GTW_carConfig,GTW_shifterType,ETH_GTW_shifterType
ETH,0x7FF,GTW_carConfig,GTW_compressorType,ETH_GTW_compressorType
ETH,0x7FF,GTW_carConfig,GTW_tollCollectionModuleType,ETH_GTW_tollCollectionModuleType
ETH,0x7FF,GTW_carConfig,GTW_steeringWheelControllerType,ETH_GTW_steeringWheelControllerType
ETH,0x7FF,GTW_carConfig,GTW_frontSeatVentilationEnabled,ETH_GTW_frontSeatVentilationEnabled
ETH,0x7FF,GTW_carConfig,GTW_epasType,ETH_GTW_epasType
ETH,0x7FF,GTW_carConfig,GTW_homologationRegionOverride,ETH_GTW_homologationRegionOverride
ETH,0x7FF,GTW_carConfig,GTW_windowCommandsPermissionType,ETH_GTW_windowCommandsPermissionType
ETH,0x7FF,GTW_carConfig,GTW_rgbInteriorLightingEnabled,ETH_GTW_rgbInteriorLightingEnabled
ETH,0x7FF,GTW_carConfig,GTW_windshieldWiperHeaterType,ETH_GTW_windshieldWiperHeaterType
ETH,0x7FF,GTW_carConfig,GTW_efficiencyPackage,ETH_GTW_efficiencyPackage
ETH,0x7FF,GTW_carConfig,GTW_frontSeatHeatersEnabled,ETH_GTW_frontSeatHeatersEnabled
ETH,0x7FF,GTW_carConfig,GTW_windshieldWiperHeaterEnabled,ETH_GTW_windshieldWiperHeaterEnabled
ETH,0x7FF,GTW_carConfig,GTW_fasciaType,ETH_GTW_fasciaType
ETH,0x7FF,GTW_carConfig,GTW_powerSteeringColumn,ETH_GTW_powerSteeringColumn
ETH,0x7FF,GTW_carConfig,GTW_softPerformanceLimit,ETH_GTW_softPerformanceLimit
ETH,0x7FF,GTW_carConfig,GTW_immersiveAudio,ETH_GTW_immersiveAudio
ETH,0x7FF,GTW_carConfig,GTW_passengerOccupancySensorType,ETH_GTW_passengerOccupancySensorType
ETH,0x7FF,GTW_carConfig,GTW_frontFogLamps,ETH_GTW_frontFogLamps
ETH,0x7FF,GTW_carConfig,GTW_driverOccupancySensorType,ETH_GTW_driverOccupancySensorType
ETH,0x7FF,GTW_carConfig,GTW_audioType,ETH_GTW_audioType
ETH,0x7FF,GTW_carConfig,GTW_occupancyClassificationFeatureType,ETH_GTW_occupancyClassificationFeatureType
ETH,0x7FF,GTW_carConfig,GTW_tpmsType,ETH_GTW_tpmsType
ETH,0x7FF,GTW_carConfig,GTW_r79BehaviorOverride,ETH_GTW_r79BehaviorOverride
ETH,0x7FF,GTW_carConfig,GTW_frontSeatSideSwitchType,ETH_GTW_frontSeatSideSwitchType
ETH,0x7FF,GTW_carConfig,GTW_sohRegulatoryStatus,ETH_GTW_sohRegulatoryStatus
ETH,0x7FF,GTW_carConfig,GTW_passengerTiltMotorType,ETH_GTW_passengerTiltMotorType
ETH,0x7FF,GTW_carConfig,GTW_frunkInteriorReleaseType,ETH_GTW_frunkInteriorReleaseType
ETH,0x7FF,GTW_carConfig,GTW_passengerLiftMotorType,ETH_GTW_passengerLiftMotorType
ETH,0x7FF,GTW_carConfig,GTW_interiorUpperTrimType,ETH_GTW_interiorUpperTrimType
ETH,0x7FF,GTW_carConfig,GTW_blindSpotIndicatorLightType,ETH_GTW_blindSpotIndicatorLightType
ETH,0x7FF,GTW_carConfig,GTW_occupancyDetectionSourceRequest,ETH_GTW_occupancyDetectionSourceRequest
ETH,0x7FF,GTW_carConfig,GTW_parkTelltaleBehaviorType,ETH_GTW_parkTelltaleBehaviorType
ETH,0x7FF,GTW_carConfig,GTW_secondRowSeatVentilationType,ETH_GTW_secondRowSeatVentilationType
ETH,0x7FF,GTW_carConfig,GTW_thirdRowSeatHeaterType,ETH_GTW_thirdRowSeatHeaterType
ETH,0x7FF,GTW_carConfig,GTW_interiorCameraType,ETH_GTW_interiorCameraType
ETH,0x7FF,GTW_carConfig,GTW_automaticFeatureResetPackage,ETH_GTW_automaticFeatureResetPackage
ETH,0x7FF,GTW_carConfig,GTW_autopilotFeaturePackage,ETH_GTW_autopilotFeaturePackage
ETH,0x7FF,GTW_carConfig,GTW_badgingMaterialType,ETH_GTW_badgingMaterialType
ETH,0x666,GTW_diagSession,GTW_diagLevel,ETH_GTW_diagLevel
ETH,0x666,GTW_diagSession,GTW_diagOverrideActive,ETH_GTW_diagOverrideActive
ETH,0x666,GTW_diagSession,GTW_diagPhysicalLinkEstablished,ETH_GTW_diagPhysicalLinkEstablished
ETH,0x666,GTW_diagSession,GTW_diagRemainingSeconds,ETH_GTW_diagRemainingSeconds
ETH,0x666,GTW_diagSession,GTW_diagSessionActive,ETH_GTW_diagSessionActive
ETH,0x666,GTW_diagSession,GTW_diagUnlockProcedureActive,ETH_GTW_diagUnlockProcedureActive
ETH,0x438,GTW_ethNm,GTW_ethGotoSleep,ETH_GTW_ethGotoSleep
ETH,0x438,GTW_ethNm,GTW_vehBusAsleep,ETH_GTW_vehBusAsleep
ETH,0x678,GTW_gearControl,GTW_gearShiftRequest,ETH_GTW_gearShiftRequest
ETH,0x678,GTW_gearControl,GTW_gearStripEnable,ETH_GTW_gearStripEnable
ETH,0x678,GTW_gearControl,GTW_processingTapPgestures,ETH_GTW_processingTapPgestures
ETH,0x678,GTW_gearControl,GTW_showNeutralButton,ETH_GTW_showNeutralButton
ETH,0x678,GTW_gearControl,GTW_smartShiftStatus,ETH_GTW_smartShiftStatus
ETH,0x7F1,GTW_hrl,GTW_hrlState,ETH_GTW_hrlState
ETH,0x7F1,GTW_hrl,GTW_hrlTriggerDuration,ETH_GTW_hrlTriggerDuration
ETH,0x7F1,GTW_hrl,GTW_hrlTriggerType,ETH_GTW_hrlTriggerType
ETH,0x7F1,GTW_hrl,GTW_hrlTriggerId,ETH_GTW_hrlTriggerId
ETH,0x7F1,GTW_hrl,GTW_hrlTriggerBus,ETH_GTW_hrlTriggerBus
ETH,0x55A,GTW_mismatchFault,GTW_VCSECmismatchFault,ETH_GTW_VCSECmismatchFault
ETH,0x348,GTW_status,GTW_boardRevision,ETH_GTW_boardRevision
ETH,0x348,GTW_status,GTW_hwtype,ETH_GTW_hwtype
ETH,0x348,GTW_status,GTW_jcanProductName,ETH_GTW_jcanProductName
ETH,0x348,GTW_status,GTW_uptimeSeconds,ETH_GTW_uptimeSeconds
ETH,0x458,GTW_vehNm,GTW_chBusAsleep,ETH_GTW_chBusAsleep
ETH,0x20A,HVP_contactorState,HVP_hvilDiag,ETH_HVP_hvilDiag
ETH,0x22A,HVP_hvsControl,HVP_pcsDcdcHwEnabled,ETH_HVP_pcsDcdcHwEnabled
ETH,0x39D,IBST_status,IBST_iBoosterStatus,ETH_IBST_iBoosterStatus
ETH,0x34E,PARK_pasFrontMiddle,PARK_frontLeftMiddleRawDistData,ETH_PARK_frontLeftMiddleRawDistData
ETH,0x34E,PARK_pasFrontMiddle,PARK_frontMiddleRawDistData,ETH_PARK_frontMiddleRawDistData
ETH,0x34E,PARK_pasFrontMiddle,PARK_frontRightMiddleRawDistData,ETH_PARK_frontRightMiddleRawDistData
ETH,0x35E,PARK_pasRearMiddle,PARK_rearLeftMiddleRawDistData,ETH_PARK_rearLeftMiddleRawDistData
ETH,0x35E,PARK_pasRearMiddle,PARK_rearMiddleRawDistData,ETH_PARK_rearMiddleRawDistData
ETH,0x35E,PARK_pasRearMiddle,PARK_rearRightMiddleRawDistData,ETH_PARK_rearRightMiddleRawDistData
ETH,0x21E,PARK_pscStatus,PARK_pscCrossLeftParkable,ETH_PARK_pscCrossLeftParkable
ETH,0x21E,PARK_pscStatus,PARK_pscCrossRightParkable,ETH_PARK_pscCrossRightParkable
ETH,0x21E,PARK_pscStatus,PARK_pscCrossSpace,ETH_PARK_pscCrossSpace
ETH,0x21E,PARK_pscStatus,PARK_pscManeuverDistance,ETH_PARK_pscManeuverDistance
ETH,0x21E,PARK_pscStatus,PARK_pscParallelLeftParkable,ETH_PARK_pscParallelLeftParkable
ETH,0x21E,PARK_pscStatus,PARK_pscParallelRightParkable,ETH_PARK_pscParallelRightParkable
ETH,0x21E,PARK_pscStatus,PARK_pscParallelSpace,ETH_PARK_pscParallelSpace
ETH,0x21E,PARK_pscStatus,PARK_pscParkInstruction,ETH_PARK_pscParkInstruction
ETH,0x21E,PARK_pscStatus,PARK_pscParkStatus,ETH_PARK_pscParkStatus
ETH,0x32E,PARK_sensorStatusFront,PARK_frontLeftRawDistData,ETH_PARK_frontLeftRawDistData
ETH,0x32E,PARK_sensorStatusFront,PARK_frontRightRawDistData,ETH_PARK_frontRightRawDistData
ETH,0x32E,PARK_sensorStatusFront,PARK_systemStatusFront,ETH_PARK_systemStatusFront
ETH,0x33E,PARK_sensorStatusRear,PARK_rearLeftRawDistData,ETH_PARK_rearLeftRawDistData
ETH,0x33E,PARK_sensorStatusRear,PARK_rearRightRawDistData,ETH_PARK_rearRightRawDistData
ETH,0x33E,PARK_sensorStatusRear,PARK_systemStatusRear,ETH_PARK_systemStatusRear
ETH,0x31F,PARK_status,PARK_serviceRequest,ETH_PARK_serviceRequest
ETH,0x31F,PARK_status,PARK_status,ETH_PARK_status
ETH,0x31F,PARK_status,PARK_systemDtcPresent,ETH_PARK_systemDtcPresent
ETH,0x30E,PARK_status2,PARK_autoCalComplete,ETH_PARK_autoCalComplete
ETH,0x30E,PARK_status2,PARK_pscLeftCurbType,ETH_PARK_pscLeftCurbType
ETH,0x30E,PARK_status2,PARK_pscRightCurbType,ETH_PARK_pscRightCurbType
ETH,0x30E,PARK_status2,PARK_sdiActive,ETH_PARK_sdiActive
ETH,0x30E,PARK_status2,PARK_sdiNoise,ETH_PARK_sdiNoise
ETH,0x40F,PCS2_v2xInfo2,PCS2_v2xUserPower,ETH_PCS2_v2xUserPower
ETH,0x264,PCS_chgLineStatus,PCS_chgAcCurrentLimit,ETH_PCS_chgAcCurrentLimit
ETH,0x264,PCS_chgLineStatus,PCS_chgInputPower,ETH_PCS_chgInputPower
ETH,0x264,PCS_chgLineStatus,PCS_chgInputVoltage,ETH_PCS_chgInputVoltage
ETH,0x264,PCS_chgLineStatus,PCS_chgLineCurrent,ETH_PCS_chgLineCurrent
ETH,0x204,PCS_chgStatus,PCS_chgMainState,ETH_PCS_chgMainState
ETH,0x204,PCS_chgStatus,PCS_dcacBidirectionalAllowed,ETH_PCS_dcacBidirectionalAllowed
ETH,0x204,PCS_chgStatus,PCS_gridConfig,ETH_PCS_gridConfig
ETH,0x204,PCS_chgStatus,PCS_powerTransferShutdownRequest,ETH_PCS_powerTransferShutdownRequest
ETH,0x3C4,PCS_info,PCS_pcbaId,ETH_PCS_pcbaId
ETH,0x3C4,PCS_info,PCS_assemblyId,ETH_PCS_assemblyId
ETH,0x3C4,PCS_info,PCS_usageId,ETH_PCS_usageId
ETH,0x7B5,PM_itpmsDisplay,PM_indirectTPMSRecommendedColdPressureFront,ETH_PM_indirectTPMSRecommendedColdPressureFront
ETH,0x7B5,PM_itpmsDisplay,PM_indirectTPMSRecommendedColdPressureRear,ETH_PM_indirectTPMSRecommendedColdPressureRear
ETH,0x207,PTC_feedbackStatus,PTC_leftPowerHV,ETH_PTC_leftPowerHV
ETH,0x207,PTC_feedbackStatus,PTC_rightPowerHV,ETH_PTC_rightPowerHV
ETH,0x101,RCM_inertial1,RCM_yawRate,ETH_RCM_yawRate
ETH,0x116,RCM_inertial2,RCM_lateralAccel,ETH_RCM_lateralAccel
ETH,0x116,RCM_inertial2,RCM_longitudinalAccel,ETH_RCM_longitudinalAccel
ETH,0x211,RCM_status,RCM_armStatus,ETH_RCM_armStatus
ETH,0x249,SCCM_leftStalk,SCCM_washWipeButtonStatus,ETH_SCCM_washWipeButtonStatus
ETH,0x229,SCCM_rightStalk,SCCM_rightStalkStatus,ETH_SCCM_rightStalkStatus
ETH,0x129,SCCM_steeringAngleSensor,SCCM_steeringAngle,ETH_SCCM_steeringAngle
ETH,0x129,SCCM_steeringAngleSensor,SCCM_steeringAngleSpeed,ETH_SCCM_steeringAngleSpeed
ETH,0x20B,TAS_axleData,TAS_staticHeightEstimateFL,ETH_TAS_staticHeightEstimateFL
ETH,0x20B,TAS_axleData,TAS_staticHeightEstimateFR,ETH_TAS_staticHeightEstimateFR
ETH,0x20B,TAS_axleData,TAS_staticHeightEstimateRL,ETH_TAS_staticHeightEstimateRL
ETH,0x20B,TAS_axleData,TAS_staticHeightEstimateRR,ETH_TAS_staticHeightEstimateRR
ETH,0x20D,TAS_states,TAS_currentLevel,ETH_TAS_currentLevel
ETH,0x20D,TAS_states,TAS_filterMode,ETH_TAS_filterMode
ETH,0x20D,TAS_states,TAS_jackMode,ETH_TAS_jackMode
ETH,0x20D,TAS_states,TAS_limpHomeMode,ETH_TAS_limpHomeMode
ETH,0x20D,TAS_states,TAS_targetLevel,ETH_TAS_targetLevel
ETH,0x199,TAS_uiAdaptiveActivity0,TAS_adaptiveActivityFL_C,ETH_TAS_adaptiveActivityFL_C
ETH,0x199,TAS_uiAdaptiveActivity0,TAS_adaptiveActivityFL_R,ETH_TAS_adaptiveActivityFL_R
ETH,0x199,TAS_uiAdaptiveActivity0,TAS_adaptiveActivityFR_C,ETH_TAS_adaptiveActivityFR_C
ETH,0x199,TAS_uiAdaptiveActivity0,TAS_adaptiveActivityFR_R,ETH_TAS_adaptiveActivityFR_R
ETH,0x199,TAS_uiAdaptiveActivity0,TAS_adaptiveActivityRL_C,ETH_TAS_adaptiveActivityRL_C
ETH,0x199,TAS_uiAdaptiveActivity0,TAS_adaptiveActivityRL_R,ETH_TAS_adaptiveActivityRL_R
ETH,0x199,TAS_uiAdaptiveActivity0,TAS_adaptiveActivityRR_C,ETH_TAS_adaptiveActivityRR_C
ETH,0x199,TAS_uiAdaptiveActivity0,TAS_adaptiveActivityRR_R,ETH_TAS_adaptiveActivityRR_R
ETH,0x199,TAS_uiAdaptiveActivity0,TAS_uiHeightFL,ETH_TAS_uiHeightFL
ETH,0x199,TAS_uiAdaptiveActivity0,TAS_uiHeightFR,ETH_TAS_uiHeightFR
ETH,0x199,TAS_uiAdaptiveActivity0,TAS_uiHeightRL,ETH_TAS_uiHeightRL
ETH,0x199,TAS_uiAdaptiveActivity0,TAS_uiHeightRR,ETH_TAS_uiHeightRR
ETH,0x19A,TAS_uiAdaptiveActivity1,TAS_bodyAccelFL,ETH_TAS_bodyAccelFL
ETH,0x19A,TAS_uiAdaptiveActivity1,TAS_bodyAccelFR,ETH_TAS_bodyAccelFR
ETH,0x19A,TAS_uiAdaptiveActivity1,TAS_bodyAccelRL,ETH_TAS_bodyAccelRL
ETH,0x19A,TAS_uiAdaptiveActivity1,TAS_bodyAccelRR,ETH_TAS_bodyAccelRR
ETH,0x21A,TAS_uiControl,TAS_jackModeToggleEnabled,ETH_TAS_jackModeToggleEnabled
ETH,0x21A,TAS_uiControl,TAS_showSpinner,ETH_TAS_showSpinner
ETH,0x36F,TPMS_StatusC,TPMS_newSensorLearnt,ETH_TPMS_newSensorLearnt
ETH,0x322,TPMS_data,TPMS_pressureFL,ETH_TPMS_pressureFL
ETH,0x322,TPMS_data,TPMS_pressureFR,ETH_TPMS_pressureFR
ETH,0x322,TPMS_data,TPMS_pressureRL,ETH_TPMS_pressureRL
ETH,0x322,TPMS_data,TPMS_pressureRR,ETH_TPMS_pressureRR
ETH,0x505,UMC_smartAdapterInfo,SA_region,ETH_SA_region
ETH,0x505,UMC_smartAdapterInfo,SA_currentLimit,ETH_SA_currentLimit
ETH,0x79D,V2G_evseLogData,V2G_chgParamRes_evseMaxILim,ETH_V2G_chgParamRes_evseMaxILim
ETH,0x261,VCFRONT_12VBatteryStatus,VCFRONT_good12VforUpdate,ETH_VCFRONT_good12VforUpdate
ETH,0x261,VCFRONT_12VBatteryStatus,VCFRONT_IBSCurrent,ETH_VCFRONT_IBSCurrent
ETH,0x261,VCFRONT_12VBatteryStatus,VCFRONT_IBSVoltage,ETH_VCFRONT_IBSVoltage
ETH,0x261,VCFRONT_12VBatteryStatus,VCFRONT_goodTemp12VforUpdate,ETH_VCFRONT_goodTemp12VforUpdate
ETH,0x261,VCFRONT_12VBatteryStatus,VCFRONT_LVBatteryEnergyRemainingPCT,ETH_VCFRONT_LVBatteryEnergyRemainingPCT
ETH,0x261,VCFRONT_12VBatteryStatus,VCFRONT_LVBatteryType,ETH_VCFRONT_LVBatteryType
ETH,0x221,VCFRONT_LVPowerState,VCFRONT_inAccessoryPlus,ETH_VCFRONT_inAccessoryPlus
ETH,0x221,VCFRONT_LVPowerState,VC_persistAccPowerRequestOverridden,ETH_VC_persistAccPowerRequestOverridden
ETH,0x221,VCFRONT_LVPowerState,VC_noAccDeviceDetectedWhileIdle,ETH_VC_noAccDeviceDetectedWhileIdle
ETH,0x340,VCFRONT_alertMatrix,VCFRONT_a176_vehicleInSelfTest,ETH_VCFRONT_a176_vehicleInSelfTest
ETH,0x340,VCFRONT_alertMatrix,VCFRONT_a370_noLVSupportSocTooLow,ETH_VCFRONT_a370_noLVSupportSocTooLow
ETH,0x340,VCFRONT_alertMatrix,VCFRONT_a528_LVBatteryCommsDiscnctd,ETH_VCFRONT_a528_LVBatteryCommsDiscnctd
ETH,0x340,VCFRONT_alertMatrix,VCFRONT_a544_LVBatteryCommsBusTurnedOff,ETH_VCFRONT_a544_LVBatteryCommsBusTurnedOff
ETH,0x340,VCFRONT_alertMatrix,VCFRONT_a587_externalLVPowerSupply,ETH_VCFRONT_a587_externalLVPowerSupply
ETH,0x241,VCFRONT_coolant,VCFRONT_wasteHeatRequestType,ETH_VCFRONT_wasteHeatRequestType
ETH,0x3F6,VCFRONT_lightStatus,VCFRONT_lowBeamLeftReadyForAiming,ETH_VCFRONT_lowBeamLeftReadyForAiming
ETH,0x3F6,VCFRONT_lightStatus,VCFRONT_lowBeamRightReadyForAiming,ETH_VCFRONT_lowBeamRightReadyForAiming
ETH,0x3F6,VCFRONT_lightStatus,VCFRONT_lowBeamsOnForDRL,ETH_VCFRONT_lowBeamsOnForDRL
ETH,0x3F6,VCFRONT_lightStatus,VCFRONT_isAdaptiveHighBeamAvailable,ETH_VCFRONT_isAdaptiveHighBeamAvailable
ETH,0x3F6,VCFRONT_lightStatus,VCFRONT_isAdaptiveHighBeamFaulted,ETH_VCFRONT_isAdaptiveHighBeamFaulted
ETH,0x3F6,VCFRONT_lightStatus,VCFRONT_isBendLightingAvailable,ETH_VCFRONT_isBendLightingAvailable
ETH,0x3F5,VCFRONT_lighting,VCFRONT_courtesyLightingRequest,ETH_VCFRONT_courtesyLightingRequest
ETH,0x3F5,VCFRONT_lighting,VCFRONT_highBeamControlState,ETH_VCFRONT_highBeamControlState
ETH,0x3F5,VCFRONT_lighting,VCFRONT_highBeamLatchingState,ETH_VCFRONT_highBeamLatchingState
ETH,0x3F5,VCFRONT_lighting,VCFRONT_lightingCoreState,ETH_VCFRONT_lightingCoreState
ETH,0x3F5,VCFRONT_lighting,VC_fastFlashHazardsActive,ETH_VC_fastFlashHazardsActive
ETH,0x201,VCFRONT_loggingAndVitals10Hz,VCFRONT_hpBatteryLoadType,ETH_VCFRONT_hpBatteryLoadType
ETH,0x2D1,VCFRONT_okToUseHighPower,VCFRONT_MCUAudioOkToUseHighPower,ETH_VCFRONT_MCUAudioOkToUseHighPower
ETH,0x2D1,VCFRONT_okToUseHighPower,VCFRONT_MCULogicOkToUseHighPower,ETH_VCFRONT_MCULogicOkToUseHighPower
ETH,0x2D1,VCFRONT_okToUseHighPower,VCFRONT_premAudioOkToUseHiPower,ETH_VCFRONT_premAudioOkToUseHiPower
ETH,0x3BD,VCFRONT_parkedEnergyLoss,VCFRONT_userEnergyLossSinceDrive,ETH_VCFRONT_userEnergyLossSinceDrive
ETH,0x3BD,VCFRONT_parkedEnergyLoss,VCFRONT_preconditioningEnergyLossSinceDrive,ETH_VCFRONT_preconditioningEnergyLossSinceDrive
ETH,0x3BD,VCFRONT_parkedEnergyLoss,VCFRONT_cabinOverheatEnergyLossSinceDrive,ETH_VCFRONT_cabinOverheatEnergyLossSinceDrive
ETH,0x3BD,VCFRONT_parkedEnergyLoss,VCFRONT_mobileAppEnergyLossSinceDrive,ETH_VCFRONT_mobileAppEnergyLossSinceDrive
ETH,0x3BD,VCFRONT_parkedEnergyLoss,VCFRONT_summonStandbyEnergyLossSinceDrive,ETH_VCFRONT_summonStandbyEnergyLossSinceDrive
ETH,0x3BD,VCFRONT_parkedEnergyLoss,VCFRONT_sentryModeEnergyLossSinceDrive,ETH_VCFRONT_sentryModeEnergyLossSinceDrive
ETH,0x3BD,VCFRONT_parkedEnergyLoss,VCFRONT_backgroundEnergyLossSinceDrive,ETH_VCFRONT_backgroundEnergyLossSinceDrive
ETH,0x3BD,VCFRONT_parkedEnergyLoss,VCFRONT_evapDryingEnergyLossSinceDrive,ETH_VCFRONT_evapDryingEnergyLossSinceDrive
ETH,0x3BD,VCFRONT_parkedEnergyLoss,VCFRONT_userEnergyLossSinceCharge,ETH_VCFRONT_userEnergyLossSinceCharge
ETH,0x3BD,VCFRONT_parkedEnergyLoss,VCFRONT_preconditioningEnergyLossSinceCharge,ETH_VCFRONT_preconditioningEnergyLossSinceCharge
ETH,0x3BD,VCFRONT_parkedEnergyLoss,VCFRONT_cabinOverheatEnergyLossSinceCharge,ETH_VCFRONT_cabinOverheatEnergyLossSinceCharge
ETH,0x3BD,VCFRONT_parkedEnergyLoss,VCFRONT_mobileAppEnergyLossSinceCharge,ETH_VCFRONT_mobileAppEnergyLossSinceCharge
ETH,0x3BD,VCFRONT_parkedEnergyLoss,VCFRONT_summonStandbyEnergyLossSinceCharge,ETH_VCFRONT_summonStandbyEnergyLossSinceCharge
ETH,0x3BD,VCFRONT_parkedEnergyLoss,VCFRONT_sentryModeEnergyLossSinceCharge,ETH_VCFRONT_sentryModeEnergyLossSinceCharge
ETH,0x3BD,VCFRONT_parkedEnergyLoss,VCFRONT_backgroundEnergyLossSinceCharge,ETH_VCFRONT_backgroundEnergyLossSinceCharge
ETH,0x3BD,VCFRONT_parkedEnergyLoss,VCFRONT_evapDryingEnergyLossSinceCharge,ETH_VCFRONT_evapDryingEnergyLossSinceCharge
ETH,0x321,VCFRONT_sensors,VCFRONT_tempAmbientFiltered,ETH_VCFRONT_tempAmbientFiltered
ETH,0x2E1,VCFRONT_status,VCFRONT_wiperState,ETH_VCFRONT_wiperState
ETH,0x2E1,VCFRONT_status,VCFRONT_turnIndicatorControlType,ETH_VCFRONT_turnIndicatorControlType
ETH,0x2E1,VCFRONT_status,VCFRONT_frunkLatchType,ETH_VCFRONT_frunkLatchType
ETH,0x2E1,VCFRONT_status,VCFRONT_isActiveHeatingBattery,ETH_VCFRONT_isActiveHeatingBattery
ETH,0x2E1,VCFRONT_status,VCFRONT_sleepCurrent,ETH_VCFRONT_sleepCurrent
ETH,0x2E1,VCFRONT_status,VCFRONT_hibernationState,ETH_VCFRONT_hibernationState
ETH,0x2E1,VCFRONT_status,VCFRONT_closureEasterEggState,ETH_VCFRONT_closureEasterEggState
ETH,0x2E1,VCFRONT_status,VCFRONT_potentialRadiatorSteamUI,ETH_VCFRONT_potentialRadiatorSteamUI
ETH,0x2E1,VCFRONT_status,VCFRONT_hvacReqOffForFasterCharge,ETH_VCFRONT_hvacReqOffForFasterCharge
ETH,0x2E1,VCFRONT_status,VCFRONT_compPowerSupportingHvac,ETH_VCFRONT_compPowerSupportingHvac
ETH,0x2E1,VCFRONT_status,VCFRONT_compPowerSupportingPT,ETH_VCFRONT_compPowerSupportingPT
ETH,0x545,VCFRONT_systemStatus,VCFRONT_HVFaultVehicleLoadShedActive,ETH_VCFRONT_HVFaultVehicleLoadShedActive
ETH,0x545,VCFRONT_systemStatus,VCFRONT_anyVehicleLoadShedActive,ETH_VCFRONT_anyVehicleLoadShedActive
ETH,0x545,VCFRONT_systemStatus,VCFRONT_loadShedGTWDownstrmRails,ETH_VCFRONT_loadShedGTWDownstrmRails
ETH,0x545,VCFRONT_systemStatus,VCFRONT_loadShedUI,ETH_VCFRONT_loadShedUI
ETH,0x3A1,VCFRONT_vehicleStatus,VCFRONT_driverPresent,ETH_VCFRONT_driverPresent
ETH,0x3A1,VCFRONT_vehicleStatus,VCFRONT_accPlusAvailable,ETH_VCFRONT_accPlusAvailable
ETH,0x3A1,VCFRONT_vehicleStatus,VCFRONT_dcr12VMilliOhms,ETH_VCFRONT_dcr12VMilliOhms
ETH,0x3A1,VCFRONT_vehicleStatus,VCFRONT_driverUnbuckled,ETH_VCFRONT_driverUnbuckled
ETH,0x3A1,VCFRONT_vehicleStatus,VCFRONT_passengerUnbuckled,ETH_VCFRONT_passengerUnbuckled
ETH,0x3A1,VCFRONT_vehicleStatus,VCFRONT_2RowLeftUnbuckled,ETH_VCFRONT_2RowLeftUnbuckled
ETH,0x3A1,VCFRONT_vehicleStatus,VCFRONT_2RowCenterUnbuckled,ETH_VCFRONT_2RowCenterUnbuckled
ETH,0x3A1,VCFRONT_vehicleStatus,VCFRONT_2RowRightUnbuckled,ETH_VCFRONT_2RowRightUnbuckled
ETH,0x3A1,VCFRONT_vehicleStatus,VCFRONT_3RowLeftUnbuckled,ETH_VCFRONT_3RowLeftUnbuckled
ETH,0x3A1,VCFRONT_vehicleStatus,VCFRONT_3RowRightUnbuckled,ETH_VCFRONT_3RowRightUnbuckled
ETH,0x3A1,VCFRONT_vehicleStatus,VCFRONT_PCSCurrent,ETH_VCFRONT_PCSCurrent
ETH,0x3A1,VCFRONT_vehicleStatus,VCFRONT_anySWEFuseActive,ETH_VCFRONT_anySWEFuseActive
ETH,0x360,VCLEFT_alertMatrix,VCLEFT_a373_windowSwOpenReqInDogMode,ETH_VCLEFT_a373_windowSwOpenReqInDogMode
ETH,0x102,VCLEFT_doorStatus,VCLEFT_mirrorDipped,ETH_VCLEFT_mirrorDipped
ETH,0x102,VCLEFT_doorStatus,VCLEFT_mirrorFoldState,ETH_VCLEFT_mirrorFoldState
ETH,0x4A2,VCLEFT_etcBluetoothStatus,VCLEFT_etcBluetoothStatus,ETH_VCLEFT_etcBluetoothStatus
ETH,0x282,VCLEFT_hvacBlowerFeedback,VCLEFT_hvacBlowerRPMActual,ETH_VCLEFT_hvacBlowerRPMActual
ETH,0x142,VCLEFT_liftgateStatus,VCLEFT_liftgateState,ETH_VCLEFT_liftgateState
ETH,0x142,VCLEFT_liftgateStatus,VCLEFT_liftgateUIChimeRequest,ETH_VCLEFT_liftgateUIChimeRequest
ETH,0x142,VCLEFT_liftgateStatus,VCLEFT_liftgateNewHeightNudge,ETH_VCLEFT_liftgateNewHeightNudge
ETH,0x142,VCLEFT_liftgateStatus,VCLEFT_liftgateNewSaveHeight,ETH_VCLEFT_liftgateNewSaveHeight
ETH,0x142,VCLEFT_liftgateStatus,VCLEFT_liftgateAboveCrossoverAngle,ETH_VCLEFT_liftgateAboveCrossoverAngle
ETH,0x142,VCLEFT_liftgateStatus,VCLEFT_liftgatePosition,ETH_VCLEFT_liftgatePosition
ETH,0x3E2,VCLEFT_lightStatus,VCLEFT_trailerDetected,ETH_VCLEFT_trailerDetected
ETH,0x3A8,VCLEFT_logging1Hz,VCLEFT_phoneChargingFL,ETH_VCLEFT_phoneChargingFL
ETH,0x3A8,VCLEFT_logging1Hz,VCLEFT_phoneChargingFR,ETH_VCLEFT_phoneChargingFR
ETH,0x2D7,VCLEFT_pitchEstimation,VCLEFT_pitchEstimateOKForAiming,ETH_VCLEFT_pitchEstimateOKForAiming
ETH,0x744,VCLEFT_recallStatus,VCLEFT_systemRecallStatus,ETH_VCLEFT_systemRecallStatus
ETH,0x747,VCLEFT_restraintStatus,VCLEFT_3RowLeftBuckleStatus,ETH_VCLEFT_3RowLeftBuckleStatus
ETH,0x747,VCLEFT_restraintStatus,VCLEFT_frontBuckleStatus,ETH_VCLEFT_frontBuckleStatus
ETH,0x747,VCLEFT_restraintStatus,VCLEFT_rearCenterOccupancyStatus,ETH_VCLEFT_rearCenterOccupancyStatus
ETH,0x747,VCLEFT_restraintStatus,VCLEFT_rearLeftBuckleStatus,ETH_VCLEFT_rearLeftBuckleStatus
ETH,0x747,VCLEFT_restraintStatus,VCLEFT_rearLeftOccupancyStatus,ETH_VCLEFT_rearLeftOccupancyStatus
ETH,0x4E2,VCLEFT_seatStatus,VCLEFT_frontSeatTrackPercentage,ETH_VCLEFT_frontSeatTrackPercentage
ETH,0x4E2,VCLEFT_seatStatus,VCLEFT_frontSeatBackCalibrated,ETH_VCLEFT_frontSeatBackCalibrated
ETH,0x4E2,VCLEFT_seatStatus,VCLEFT_frontSeatBackPercentage,ETH_VCLEFT_frontSeatBackPercentage
ETH,0x4E2,VCLEFT_seatStatus,VCLEFT_frontSeatLiftPercentage,ETH_VCLEFT_frontSeatLiftPercentage
ETH,0x4E2,VCLEFT_seatStatus,VCLEFT_frontSeatTiltPercentage,ETH_VCLEFT_frontSeatTiltPercentage
ETH,0x4E2,VCLEFT_seatStatus,VCLEFT_lumbarAPressurePercentage,ETH_VCLEFT_lumbarAPressurePercentage
ETH,0x4E2,VCLEFT_seatStatus,VCLEFT_lumbarBPressurePercentage,ETH_VCLEFT_lumbarBPressurePercentage
ETH,0x2E2,VCLEFT_seatStatus2,VCLEFT_2RowSeatReclineCalibrated,ETH_VCLEFT_2RowSeatReclineCalibrated
ETH,0x2E2,VCLEFT_seatStatus2,VCLEFT_2RowSeatReclinePositionState,ETH_VCLEFT_2RowSeatReclinePositionState
ETH,0x2E2,VCLEFT_seatStatus2,VCLEFT_2RowSeatReclineNextToggleDirection,ETH_VCLEFT_2RowSeatReclineNextToggleDirection
ETH,0x2E2,VCLEFT_seatStatus2,VCLEFT_3RowSeatReclineState,ETH_VCLEFT_3RowSeatReclineState
ETH,0x2E2,VCLEFT_seatStatus2,VCLEFT_3RowSeatReclineCalibrated,ETH_VCLEFT_3RowSeatReclineCalibrated
ETH,0x2E2,VCLEFT_seatStatus2,VCLEFT_3RowSeatReclineNextToggleDirection,ETH_VCLEFT_3RowSeatReclineNextToggleDirection
ETH,0x2E2,VCLEFT_seatStatus2,VCLEFT_3RowSeatReclinePositionState,ETH_VCLEFT_3RowSeatReclinePositionState
ETH,0x3C2,VCLEFT_switchStatus,VCLEFT_hornSwitchPressed,ETH_VCLEFT_hornSwitchPressed
ETH,0x3C2,VCLEFT_switchStatus,VCLEFT_brakePressed,ETH_VCLEFT_brakePressed
ETH,0x3C2,VCLEFT_switchStatus,VCLEFT_swcWiperButtonState,ETH_VCLEFT_swcWiperButtonState
ETH,0x3C2,VCLEFT_switchStatus,VCLEFT_swcLeftDoublePress,ETH_VCLEFT_swcLeftDoublePress
ETH,0x3C2,VCLEFT_switchStatus,VCLEFT_swcRightDoublePress,ETH_VCLEFT_swcRightDoublePress
ETH,0x3C2,VCLEFT_switchStatus,VCLEFT_swcHighBeamButtonState,ETH_VCLEFT_swcHighBeamButtonState
ETH,0x3C2,VCLEFT_switchStatus,VCLEFT_swcCameraButtonState,ETH_VCLEFT_swcCameraButtonState
ETH,0x2C2,VCLEFT_windowStatus,VCLEFT_windowPositionLF,ETH_VCLEFT_windowPositionLF
ETH,0x2C2,VCLEFT_windowStatus,VCLEFT_windowPositionLR,ETH_VCLEFT_windowPositionLR
ETH,0x225,VCRIGHT_LVPowerState,VCRIGHT_tunerLVState,ETH_VCRIGHT_tunerLVState
ETH,0x3C0,VCRIGHT_alertMatrix,VCRIGHT_a373_windowSwOpenReqInDogMode,ETH_VCRIGHT_a373_windowSwOpenReqInDogMode
ETH,0x103,VCRIGHT_doorStatus,VCRIGHT_mirrorDipped,ETH_VCRIGHT_mirrorDipped
ETH,0x243,VCRIGHT_hvacStatus,VCRIGHT_dogModeState,ETH_VCRIGHT_dogModeState
ETH,0x243,VCRIGHT_hvacStatus,VCRIGHT_hvacCabinTempEstValid,ETH_VCRIGHT_hvacCabinTempEstValid
ETH,0x243,VCRIGHT_hvacStatus,VCRIGHT_COPNotRunningReasonFiltered,ETH_VCRIGHT_COPNotRunningReasonFiltered
ETH,0x243,VCRIGHT_hvacStatus,VCRIGHT_hvacCabinTempEst,ETH_VCRIGHT_hvacCabinTempEst
ETH,0x243,VCRIGHT_hvacStatus,VCRIGHT_hvacBlowerSegment,ETH_VCRIGHT_hvacBlowerSegment
ETH,0x243,VCRIGHT_hvacStatus,VCRIGHT_hvacSystemNominal,ETH_VCRIGHT_hvacSystemNominal
ETH,0x243,VCRIGHT_hvacStatus,VCRIGHT_tempMonitorNotNominal,ETH_VCRIGHT_tempMonitorNotNominal
ETH,0x243,VCRIGHT_hvacStatus,VCRIGHT_hvacCabinAtTempTarget,ETH_VCRIGHT_hvacCabinAtTempTarget
ETH,0x243,VCRIGHT_hvacStatus,VCRIGHT_hvacAirflowReason,ETH_VCRIGHT_hvacAirflowReason
ETH,0x243,VCRIGHT_hvacStatus,VCRIGHT_autoHvacBlowerShouldLimit,ETH_VCRIGHT_autoHvacBlowerShouldLimit
ETH,0x243,VCRIGHT_hvacStatus,VCRIGHT_solarLoadOnVehicle,ETH_VCRIGHT_solarLoadOnVehicle
ETH,0x243,VCRIGHT_hvacStatus,VCRIGHT_hvacFrontRightSeatFanStatus,ETH_VCRIGHT_hvacFrontRightSeatFanStatus
ETH,0x243,VCRIGHT_hvacStatus,VCRIGHT_hvacFrontLeftSeatFanStatus,ETH_VCRIGHT_hvacFrontLeftSeatFanStatus
ETH,0x243,VCRIGHT_hvacStatus,VCRIGHT_hvacFrontRightSeatHeatStatus,ETH_VCRIGHT_hvacFrontRightSeatHeatStatus
ETH,0x243,VCRIGHT_hvacStatus,VCRIGHT_hvacManualToAutoNotify,ETH_VCRIGHT_hvacManualToAutoNotify
ETH,0x243,VCRIGHT_hvacStatus,VCRIGHT_hvacRequestsFullAuto,ETH_VCRIGHT_hvacRequestsFullAuto
ETH,0x243,VCRIGHT_hvacStatus,VCRIGHT_passengerPresentHvacCycle,ETH_VCRIGHT_passengerPresentHvacCycle
ETH,0x243,VCRIGHT_hvacStatus,VCRIGHT_hvacRequestsAutoIntake,ETH_VCRIGHT_hvacRequestsAutoIntake
ETH,0x243,VCRIGHT_hvacStatus,VCRIGHT_steeringWheelHeatStatus,ETH_VCRIGHT_steeringWheelHeatStatus
ETH,0x243,VCRIGHT_hvacStatus,VCRIGHT_autoDefogStatus,ETH_VCRIGHT_autoDefogStatus
ETH,0x243,VCRIGHT_hvacStatus,VCRIGHT_hvacLimitedReasonRight,ETH_VCRIGHT_hvacLimitedReasonRight
ETH,0x243,VCRIGHT_hvacStatus,VCRIGHT_hvacLimitedReasonLeft,ETH_VCRIGHT_hvacLimitedReasonLeft
ETH,0x243,VCRIGHT_hvacStatus,VCRIGHT_autoSwingAvailable,ETH_VCRIGHT_autoSwingAvailable
ETH,0x243,VCRIGHT_hvacStatus,VCRIGHT_hvacFrontLeftSeatHeatStatus,ETH_VCRIGHT_hvacFrontLeftSeatHeatStatus
ETH,0x243,VCRIGHT_hvacStatus,VCRIGHT_hvacQdotLeft,ETH_VCRIGHT_hvacQdotLeft
ETH,0x243,VCRIGHT_hvacStatus,VCRIGHT_hvacQdotRight,ETH_VCRIGHT_hvacQdotRight
ETH,0x243,VCRIGHT_hvacStatus,VCRIGHT_autoSwingLeftPosX,ETH_VCRIGHT_autoSwingLeftPosX
ETH,0x243,VCRIGHT_hvacStatus,VCRIGHT_autoSwingRightPositionX,ETH_VCRIGHT_autoSwingRightPositionX
ETH,0x2B3,VCRIGHT_logging1Hz,VCRIGHT_cabinTempWindshield,ETH_VCRIGHT_cabinTempWindshield
ETH,0x743,VCRIGHT_recallStatus,VCRIGHT_systemRecallStatus,ETH_VCRIGHT_systemRecallStatus
ETH,0x31A,VCRIGHT_restraintStatus,VCRIGHT_3RowLeftOccupancyStatus,ETH_VCRIGHT_3RowLeftOccupancyStatus
ETH,0x31A,VCRIGHT_restraintStatus,VCRIGHT_3RowRightBuckleStatus,ETH_VCRIGHT_3RowRightBuckleStatus
ETH,0x31A,VCRIGHT_restraintStatus,VCRIGHT_3RowRightOccupancyStatus,ETH_VCRIGHT_3RowRightOccupancyStatus
ETH,0x31A,VCRIGHT_restraintStatus,VCRIGHT_frontBuckleStatus,ETH_VCRIGHT_frontBuckleStatus
ETH,0x31A,VCRIGHT_restraintStatus,VCRIGHT_rearCenterBuckleStatus,ETH_VCRIGHT_rearCenterBuckleStatus
ETH,0x31A,VCRIGHT_restraintStatus,VCRIGHT_rearRightBuckleStatus,ETH_VCRIGHT_rearRightBuckleStatus
ETH,0x4E3,VCRIGHT_seatStatus,VCRIGHT_frontSeatTrackPercentage,ETH_VCRIGHT_frontSeatTrackPercentage
ETH,0x4E3,VCRIGHT_seatStatus,VCRIGHT_frontSeatBackCalibrated,ETH_VCRIGHT_frontSeatBackCalibrated
ETH,0x4E3,VCRIGHT_seatStatus,VCRIGHT_frontSeatBackPercentage,ETH_VCRIGHT_frontSeatBackPercentage
ETH,0x4E3,VCRIGHT_seatStatus,VCRIGHT_frontSeatLiftPercentage,ETH_VCRIGHT_frontSeatLiftPercentage
ETH,0x4E3,VCRIGHT_seatStatus,VCRIGHT_frontSeatTiltPercentage,ETH_VCRIGHT_frontSeatTiltPercentage
ETH,0x4E3,VCRIGHT_seatStatus,VCRIGHT_lumbarAPressurePercentage,ETH_VCRIGHT_lumbarAPressurePercentage
ETH,0x4E3,VCRIGHT_seatStatus,VCRIGHT_lumbarBPressurePercentage,ETH_VCRIGHT_lumbarBPressurePercentage
ETH,0x2E3,VCRIGHT_seatStatus2,VCRIGHT_2RowSeatReclineCalibrated,ETH_VCRIGHT_2RowSeatReclineCalibrated
ETH,0x2E3,VCRIGHT_seatStatus2,VCRIGHT_2RowSeatReclinePositionState,ETH_VCRIGHT_2RowSeatReclinePositionState
ETH,0x2E3,VCRIGHT_seatStatus2,VCRIGHT_2RowSeatReclineNextToggleDirection,ETH_VCRIGHT_2RowSeatReclineNextToggleDirection
ETH,0x2E3,VCRIGHT_seatStatus2,VCRIGHT_3RowSeatReclineState,ETH_VCRIGHT_3RowSeatReclineState
ETH,0x2E3,VCRIGHT_seatStatus2,VCRIGHT_3RowSeatReclineCalibrated,ETH_VCRIGHT_3RowSeatReclineCalibrated
ETH,0x2E3,VCRIGHT_seatStatus2,VCRIGHT_3RowSeatReclineNextToggleDirection,ETH_VCRIGHT_3RowSeatReclineNextToggleDirection
ETH,0x2E3,VCRIGHT_seatStatus2,VCRIGHT_3RowSeatReclinePositionState,ETH_VCRIGHT_3RowSeatReclinePositionState
ETH,0x2C3,VCRIGHT_windowStatus,VCRIGHT_windowPositionRF,ETH_VCRIGHT_windowPositionRF
ETH,0x2C3,VCRIGHT_windowStatus,VCRIGHT_windowPositionRR,ETH_VCRIGHT_windowPositionRR
ETH,0x7C2,VCSEAT2L_seatStatus2,VCSEAT2L_2rMovingForChoreography,ETH_VCSEAT2L_2rMovingForChoreography
ETH,0x2EA,VCSEAT2R_seatStatus2,VCSEAT2R_2rMovingForChoreography,ETH_VCSEAT2R_2rMovingForChoreography
ETH,0x219,VCSEC_TPMSData,VCSEC_TPMSTemperature0,ETH_VCSEC_TPMSTemperature0
ETH,0x219,VCSEC_TPMSData,VCSEC_TPMSTemperature1,ETH_VCSEC_TPMSTemperature1
ETH,0x219,VCSEC_TPMSData,VCSEC_TPMSTemperature2,ETH_VCSEC_TPMSTemperature2
ETH,0x219,VCSEC_TPMSData,VCSEC_TPMSTemperature3,ETH_VCSEC_TPMSTemperature3
ETH,0x219,VCSEC_TPMSData,VCSEC_TPMSRecommendedColdPressureFront,ETH_VCSEC_TPMSRecommendedColdPressureFront
ETH,0x219,VCSEC_TPMSData,VCSEC_TPMSRecommendedColdPressureRear,ETH_VCSEC_TPMSRecommendedColdPressureRear
ETH,0x25A,VCSEC_TPMSDisplay,VCSEC_TPMSDisplayPressureFL,ETH_VCSEC_TPMSDisplayPressureFL
ETH,0x25A,VCSEC_TPMSDisplay,VCSEC_TPMSDisplayPressureFR,ETH_VCSEC_TPMSDisplayPressureFR
ETH,0x25A,VCSEC_TPMSDisplay,VCSEC_TPMSDisplayPressureRL,ETH_VCSEC_TPMSDisplayPressureRL
ETH,0x25A,VCSEC_TPMSDisplay,VCSEC_TPMSDisplayPressureRR,ETH_VCSEC_TPMSDisplayPressureRR
ETH,0x2F9,VCSEC_additionalAuthInfo,VCSEC_keyWithinSummonRange0,ETH_VCSEC_keyWithinSummonRange0
ETH,0x2F9,VCSEC_additionalAuthInfo,VCSEC_keyWithinSummonRange1,ETH_VCSEC_keyWithinSummonRange1
ETH,0x2F9,VCSEC_additionalAuthInfo,VCSEC_keyWithinSummonRange2,ETH_VCSEC_keyWithinSummonRange2
ETH,0x2F9,VCSEC_additionalAuthInfo,VCSEC_BLEDeviceWithinSummonRange,ETH_VCSEC_BLEDeviceWithinSummonRange
ETH,0x2F9,VCSEC_additionalAuthInfo,VCSEC_algoUWBInteriorPresence,ETH_VCSEC_algoUWBInteriorPresence
ETH,0x2F9,VCSEC_additionalAuthInfo,VCSEC_NFCAuthFromBPillarFormFactor,ETH_VCSEC_NFCAuthFromBPillarFormFactor
ETH,0x2F9,VCSEC_additionalAuthInfo,VCSEC_NFCAuthFromCenterConsoleFormFactor,ETH_VCSEC_NFCAuthFromCenterConsoleFormFactor
ETH,0x339,VCSEC_authentication,VCSEC_alarmStatus,ETH_VCSEC_alarmStatus
ETH,0x339,VCSEC_authentication,VCSEC_isBLEDeviceWithinSummonRange,ETH_VCSEC_isBLEDeviceWithinSummonRange
ETH,0x339,VCSEC_authentication,VCSEC_keyPairDesired,ETH_VCSEC_keyPairDesired
ETH,0x339,VCSEC_authentication,VCSEC_lockIndicationRequest,ETH_VCSEC_lockIndicationRequest
ETH,0x339,VCSEC_authentication,VCSEC_lockRequestType,ETH_VCSEC_lockRequestType
ETH,0x339,VCSEC_authentication,VCSEC_operationMode,ETH_VCSEC_operationMode
ETH,0x339,VCSEC_authentication,VCSEC_remoteStartActive,ETH_VCSEC_remoteStartActive
ETH,0x339,VCSEC_authentication,VCSEC_serviceDiagnosticRequest,ETH_VCSEC_serviceDiagnosticRequest
ETH,0x339,VCSEC_authentication,VCSEC_vehicleLockStatus,ETH_VCSEC_vehicleLockStatus
ETH,0x1F9,VCSEC_requests,VCSEC_driveAttemptedWithoutAuth,ETH_VCSEC_driveAttemptedWithoutAuth
ETH,0x441,VC_pcsInterface,VC_LVBatteryCannotSupportVehicle,ETH_VC_LVBatteryCannotSupportVehicle
